country,family_id,document_id_type,publication_number,epodoc,docdb,doc_number,kind,id,set,country_name
AT,3505610,docdb,AT395837B,AT395837,AT.395837.B,395837,B,84,9,Austria
AU,11346816,docdb,AU9260498A,AU9260498,AU.9260498.A,9260498,A,31,9,Australia
AU,24591387,docdb,AU9095491A,AU9095491,AU.9095491.A,9095491,A,32,9,Australia
AU,27086974,docdb,AU666297B2,AU666297,AU.666297.B2,666297,B2,33,9,Australia
AU,21981940,docdb,AU8663098A,AU8663098,AU.8663098.A,8663098,A,34,9,Australia
AU,3761987,docdb,AU8462591A,AU8462591,AU.8462591.A,8462591,A,35,9,Australia
AU,3761987,docdb,AU638170B2,AU638170,AU.638170.B2,638170,B2,36,9,Australia
AU,26233620,docdb,AU8220198A,AU8220198,AU.8220198.A,8220198,A,37,9,Australia
AU,24259750,docdb,AU635886B2,AU635886,AU.635886.B2,635886,B2,38,9,Australia
AU,8204300,docdb,AU631501B2,AU631501,AU.631501.B2,631501,B2,39,9,Australia
AU,3757470,docdb,AU7654591A,AU7654591,AU.7654591.A,7654591,A,40,9,Australia
AU,24252127,docdb,AU7173496A,AU7173496,AU.7173496.A,7173496,A,41,9,Australia
AU,24200766,docdb,AU7160591A,AU7160591,AU.7160591.A,7160591,A,42,9,Australia
AU,22155141,docdb,AU7110394A,AU7110394,AU.7110394.A,7110394,A,43,9,Australia
AU,25636206,docdb,AU7021394A,AU7021394,AU.7021394.A,7021394,A,44,9,Australia
AU,11366242,docdb,AU6929494A,AU6929494,AU.6929494.A,6929494,A,45,9,Australia
AU,11366242,docdb,AU677072B2,AU677072,AU.677072.B2,677072,B2,46,9,Australia
AU,23974635,docdb,AU6398896A,AU6398896,AU.6398896.A,6398896,A,47,9,Australia
AU,21749656,docdb,AU6126994A,AU6126994,AU.6126994.A,6126994,A,48,9,Australia
AU,21749656,docdb,AU678437B2,AU678437,AU.678437.B2,678437,B2,49,9,Australia
AU,3742668,docdb,AU5719990A,AU5719990,AU.5719990.A,5719990,A,50,9,Australia
AU,23362526,docdb,AU5662090A,AU5662090,AU.5662090.A,5662090,A,51,9,Australia
AU,3741877,docdb,AU5628090A,AU5628090,AU.5628090.A,5628090,A,52,9,Australia
AU,27155005,docdb,AU5554094A,AU5554094,AU.5554094.A,5554094,A,53,9,Australia
AU,4221677,docdb,AU5479790A,AU5479790,AU.5479790.A,5479790,A,54,9,Australia
AU,4221677,docdb,AU641647B2,AU641647,AU.641647.B2,641647,B2,55,9,Australia
AU,23607430,docdb,AU5423696A,AU5423696,AU.5423696.A,5423696,A,56,9,Australia
AU,23607430,docdb,AU699092B2,AU699092,AU.699092.B2,699092,B2,57,9,Australia
AU,8305000,docdb,AU5423599A,AU5423599,AU.5423599.A,5423599,A,58,9,Australia
AU,27086974,docdb,AU5215696A,AU5215696,AU.5215696.A,5215696,A,59,9,Australia
AU,4013876,docdb,AU5203300A,AU5203300,AU.5203300.A,5203300,A,60,9,Australia
AU,22462610,docdb,AU5010700A,AU5010700,AU.5010700.A,5010700,A,61,9,Australia
AU,26320206,docdb,AU4642999A,AU4642999,AU.4642999.A,4642999,A,62,9,Australia
AU,11041837,docdb,AU4642899A,AU4642899,AU.4642899.A,4642899,A,63,9,Australia
AU,23120317,docdb,AU4241700A,AU4241700,AU.4241700.A,4241700,A,64,9,Australia
AU,21810456,docdb,AU3982597A,AU3982597,AU.3982597.A,3982597,A,65,9,Australia
AU,26703871,docdb,AU3944393A,AU3944393,AU.3944393.A,3944393,A,66,9,Australia
AU,9543803,docdb,AU3663200A,AU3663200,AU.3663200.A,3663200,A,67,9,Australia
AU,24702240,docdb,AU3578197A,AU3578197,AU.3578197.A,3578197,A,68,9,Australia
AU,4008952,docdb,AU3513799A,AU3513799,AU.3513799.A,3513799,A,69,9,Australia
AU,21797521,docdb,AU3496997A,AU3496997,AU.3496997.A,3496997,A,70,9,Australia
AU,21797521,docdb,AU724619B2,AU724619,AU.724619.B2,724619,B2,71,9,Australia
AU,22007816,docdb,AU3458899A,AU3458899,AU.3458899.A,3458899,A,72,9,Australia
AU,21784659,docdb,AU3122897A,AU3122897,AU.3122897.A,3122897,A,73,9,Australia
AU,22803549,docdb,AU2711600A,AU2711600,AU.2711600.A,2711600,A,74,9,Australia
AU,9523309,docdb,AU2525299A,AU2525299,AU.2525299.A,2525299,A,75,9,Australia
AU,8306857,docdb,AU2165699A,AU2165699,AU.2165699.A,2165699,A,76,9,Australia
AU,9522147,docdb,AU2062799A,AU2062799,AU.2062799.A,2062799,A,77,9,Australia
AU,22703434,docdb,AU1744595A,AU1744595,AU.1744595.A,1744595,A,78,9,Australia
AU,16872484,docdb,AU1717692A,AU1717692,AU.1717692.A,1717692,A,79,9,Australia
AU,16872484,docdb,AU636539B2,AU636539,AU.636539.B2,636539,B2,80,9,Australia
AU,21886171,docdb,AU607204B2,AU607204,AU.607204.B2,607204,B2,81,9,Australia
AU,26680668,docdb,AU1273197A,AU1273197,AU.1273197.A,1273197,A,82,9,Australia
AU,24676166,docdb,AU649309B2,AU649309,AU.649309.B2,649309,B2,83,9,Australia
BE,25662959,docdb,BE1009016A6,BE1009016,BE.1009016.A6,1009016,A6,28,9,Belgium
BE,3888702,docdb,BE1009015A7,BE1009015,BE.1009015.A7,1009015,A7,29,9,Belgium
CA,24702240,docdb,CA2259293A1,CA2259293,CA.2259293.A1,2259293,A1,49,8,Canada
CA,49229038,docdb,CA83005S,CA83005,CA.83005.S,83005,S,13,1,Canada
CA,23020950,docdb,CA2731260A1,CA2731260,CA.2731260.A1,2731260,A1,14,1,Canada
CA,23323642,docdb,CA2312461A1,CA2312461,CA.2312461.A1,2312461,A1,41,8,Canada
CA,22463955,docdb,CA2308557A1,CA2308557,CA.2308557.A1,2308557,A1,42,8,Canada
CA,10806989,docdb,CA2279384A1,CA2279384,CA.2279384.A1,2279384,A1,43,8,Canada
CA,22706196,docdb,CA2271491A1,CA2271491,CA.2271491.A1,2271491,A1,44,8,Canada
CA,4163505,docdb,CA2270722A1,CA2270722,CA.2270722.A1,2270722,A1,45,8,Canada
CA,11346816,docdb,CA2269062A1,CA2269062,CA.2269062.A1,2269062,A1,46,8,Canada
CA,21933134,docdb,CA2265342A1,CA2265342,CA.2265342.A1,2265342,A1,47,8,Canada
CA,21810456,docdb,CA2261878A1,CA2261878,CA.2261878.A1,2261878,A1,48,8,Canada
CA,9482337,docdb,CA2184935A1,CA2184935,CA.2184935.A1,2184935,A1,62,8,Canada
CA,22703434,docdb,CA2182687A1,CA2182687,CA.2182687.A1,2182687,A1,63,8,Canada
CA,11366242,docdb,CA2163561A1,CA2163561,CA.2163561.A1,2163561,A1,64,8,Canada
CA,23989531,docdb,CA2160402A1,CA2160402,CA.2160402.A1,2160402,A1,65,8,Canada
CA,21749656,docdb,CA2154183A1,CA2154183,CA.2154183.A1,2154183,A1,66,8,Canada
CA,25644371,docdb,CA2150145A1,CA2150145,CA.2150145.A1,2150145,A1,67,8,Canada
CA,11369486,docdb,CA2148038A1,CA2148038,CA.2148038.A1,2148038,A1,68,8,Canada
CA,22155141,docdb,CA2142828A1,CA2142828,CA.2142828.A1,2142828,A1,69,8,Canada
CA,26703871,docdb,CA2133419A1,CA2133419,CA.2133419.A1,2133419,A1,70,8,Canada
CA,4153496,docdb,CA2122520A1,CA2122520,CA.2122520.A1,2122520,A1,71,8,Canada
CA,21967588,docdb,CA2119665A1,CA2119665,CA.2119665.A1,2119665,A1,72,8,Canada
CA,11365142,docdb,CA2116319A1,CA2116319,CA.2116319.A1,2116319,A1,73,8,Canada
CA,22110334,docdb,CA2116212A1,CA2116212,CA.2116212.A1,2116212,A1,74,8,Canada
CA,26684062,docdb,CA2104731A1,CA2104731,CA.2104731.A1,2104731,A1,75,8,Canada
CA,21781571,docdb,CA2102085A1,CA2102085,CA.2102085.A1,2102085,A1,76,8,Canada
CA,24591387,docdb,CA2100963A1,CA2100963,CA.2100963.A1,2100963,A1,77,8,Canada
CA,4151877,docdb,CA2099604A1,CA2099604,CA.2099604.A1,2099604,A1,78,8,Canada
CA,27086974,docdb,CA2096021C,CA2096021,CA.2096021.C,2096021,C,79,8,Canada
CA,25371374,docdb,CA2094521A1,CA2094521,CA.2094521.A1,2094521,A1,80,8,Canada
CA,8209486,docdb,CA2089673A1,CA2089673,CA.2089673.A1,2089673,A1,81,8,Canada
CA,25684174,docdb,CA2088887A1,CA2088887,CA.2088887.A1,2088887,A1,82,8,Canada
CA,25519242,docdb,CA2088190A1,CA2088190,CA.2088190.A1,2088190,A1,83,8,Canada
CA,24200766,docdb,CA2085889A1,CA2085889,CA.2085889.A1,2085889,A1,84,8,Canada
CA,25675418,docdb,CA2075744A1,CA2075744,CA.2075744.A1,2075744,A1,85,8,Canada
CA,25675408,docdb,CA2075516A1,CA2075516,CA.2075516.A1,2075516,A1,86,8,Canada
CA,16872484,docdb,CA2069782A1,CA2069782,CA.2069782.A1,2069782,A1,87,8,Canada
CA,23707534,docdb,CA2067726A1,CA2067726,CA.2067726.A1,2067726,A1,88,8,Canada
CA,25134994,docdb,CA2067434A1,CA2067434,CA.2067434.A1,2067434,A1,89,8,Canada
CA,25678796,docdb,CA2255394A1,CA2255394,CA.2255394.A1,2255394,A1,50,8,Canada
CA,4230085,docdb,CA2246819A1,CA2246819,CA.2246819.A1,2246819,A1,51,8,Canada
CA,29409529,docdb,CA2241577A1,CA2241577,CA.2241577.A1,2241577,A1,52,8,Canada
CA,4162035,docdb,CA2228096A1,CA2228096,CA.2228096.A1,2228096,A1,53,8,Canada
CA,23974635,docdb,CA2225610A1,CA2225610,CA.2225610.A1,2225610,A1,54,8,Canada
CA,11385835,docdb,CA2215670A1,CA2215670,CA.2215670.A1,2215670,A1,55,8,Canada
CA,4160712,docdb,CA2205955A1,CA2205955,CA.2205955.A1,2205955,A1,56,8,Canada
CA,25291844,docdb,CA2205097A1,CA2205097,CA.2205097.A1,2205097,A1,57,8,Canada
CA,24372317,docdb,CA2191166A1,CA2191166,CA.2191166.A1,2191166,A1,58,8,Canada
CA,24362220,docdb,CA2191154A1,CA2191154,CA.2191154.A1,2191154,A1,59,8,Canada
CA,24362217,docdb,CA2191153A1,CA2191153,CA.2191153.A1,2191153,A1,60,8,Canada
CA,24252127,docdb,CA2189506A1,CA2189506,CA.2189506.A1,2189506,A1,61,8,Canada
CA,24794985,docdb,CA2046836A1,CA2046836,CA.2046836.A1,2046836,A1,1,9,Canada
CA,24259750,docdb,CA2044505A1,CA2044505,CA.2044505.A1,2044505,A1,2,9,Canada
CA,27168908,docdb,CA2043563C,CA2043563,CA.2043563.C,2043563,C,3,9,Canada
CA,4147515,docdb,CA2041526A1,CA2041526,CA.2041526.A1,2041526,A1,4,9,Canada
CA,24383267,docdb,CA2041397A1,CA2041397,CA.2041397.A1,2041397,A1,5,9,Canada
CA,24108269,docdb,CA2041376A1,CA2041376,CA.2041376.A1,2041376,A1,6,9,Canada
CA,24114261,docdb,CA2038891A1,CA2038891,CA.2038891.A1,2038891,A1,7,9,Canada
CA,4221677,docdb,CA2016489A1,CA2016489,CA.2016489.A1,2016489,A1,8,9,Canada
CA,10647565,docdb,CA2003974A1,CA2003974,CA.2003974.A1,2003974,A1,9,9,Canada
CA,26959450,docdb,CA2003711A1,CA2003711,CA.2003711.A1,2003711,A1,10,9,Canada
CA,4131829,docdb,CA1276085C,CA1276085,CA.1276085.C,1276085,C,24,9,Canada
CA,25670804,docdb,CA1268076A,CA1268076,CA.1268076.A,1268076,A,25,9,Canada
CA,25671810,docdb,CA1335057C,CA1335057,CA.1335057.C,1335057,C,13,9,Canada
CA,22982919,docdb,CA1312642C,CA1312642,CA.1312642.C,1312642,C,14,9,Canada
CA,22982908,docdb,CA1331316C,CA1331316,CA.1331316.C,1331316,C,15,9,Canada
CA,4140185,docdb,CA1282751C,CA1282751,CA.1282751.C,1282751,C,16,9,Canada
CA,26831775,docdb,CA2373581A1,CA2373581,CA.2373581.A1,2373581,A1,37,8,Canada
CA,11417365,docdb,CA2359766A1,CA2359766,CA.2359766.A1,2359766,A1,38,8,Canada
CA,26752466,docdb,CA2330287A1,CA2330287,CA.2330287.A1,2330287,A1,39,8,Canada
CA,21789353,docdb,CA2320140A1,CA2320140,CA.2320140.A1,2320140,A1,40,8,Canada
CA,4134826,docdb,CA1293918C,CA1293918,CA.1293918.C,1293918,C,21,9,Canada
CA,25194639,docdb,CA1269566A,CA1269566,CA.1269566.A,1269566,A,22,9,Canada
CA,25142862,docdb,CA1286534C,CA1286534,CA.1286534.C,1286534,C,23,9,Canada
CA,25674801,docdb,CA2051994A1,CA2051994,CA.2051994.A1,2051994,A1,97,8,Canada
CA,25674783,docdb,CA2051013A1,CA2051013,CA.2051013.A1,2051013,A1,98,8,Canada
CA,4148105,docdb,CA2048222A1,CA2048222,CA.2048222.A1,2048222,A1,99,8,Canada
CA,8204300,docdb,CA2047295A1,CA2047295,CA.2047295.A1,2047295,A1,100,8,Canada
CA,24571352,docdb,CA2059026A1,CA2059026,CA.2059026.A1,2059026,A1,92,8,Canada
CA,23409574,docdb,CA2056618A1,CA2056618,CA.2056618.A1,2056618,A1,93,8,Canada
CA,24246528,docdb,CA2064101A1,CA2064101,CA.2064101.A1,2064101,A1,90,8,Canada
CA,24676166,docdb,CA2059342A1,CA2059342,CA.2059342.A1,2059342,A1,91,8,Canada
CA,24371009,docdb,CA2052750A1,CA2052750,CA.2052750.A1,2052750,A1,96,8,Canada
CA,4138480,docdb,CA1330276C,CA1330276,CA.1330276.C,1330276,C,18,9,Canada
CA,8204657,docdb,CA2054006A1,CA2054006,CA.2054006.A1,2054006,A1,94,8,Canada
CA,24383841,docdb,CA2053191A1,CA2053191,CA.2053191.A1,2053191,A1,95,8,Canada
CA,10627754,docdb,CA1323525C,CA1323525,CA.1323525.C,1323525,C,17,9,Canada
CA,21886171,docdb,CA1334810C,CA1334810,CA.1334810.C,1334810,C,19,9,Canada
CA,10617975,docdb,CA1299924C,CA1299924,CA.1299924.C,1299924,C,20,9,Canada
CH,4219830,docdb,CH675390A5,CH675390,CH.675390.A5,675390,A5,32,8,Switzerland
CH,4201953,docdb,CH686477A5,CH686477,CH.686477.A5,686477,A5,34,8,Switzerland
CH,11177364,docdb,CH675529A5,CH675529,CH.675529.A5,675529,A5,33,8,Switzerland
CN,11346816,docdb,CN1243418A,CN1243418,CN.1243418.A,1243418,A,28,8,China
CN,5075635,docdb,CN1136398A,CN1136398,CN.1136398.A,1136398,A,30,8,China
CN,33826759,docdb,CN2209873Y,CN2209873,CN.2209873.Y,2209873,Y,31,8,China
CN,5217582,docdb,CN1205173A,CN1205173,CN.1205173.A,1205173,A,29,8,China
CS,27086974,docdb,CS9103445A3,CS9103445,CS.9103445.A3,9103445,A3,27,8,Czechoslovakia
CZ,38728313,docdb,CZ896U1,CZ896,CZ.896.U1,896,U1,26,8,Czech Republic
CZ,4230085,docdb,CZ9803003A3,CZ9803003,CZ.9803003.A3,9803003,A3,25,8,Czech Republic
DE,7872952,docdb,DE19829887A1,DE19829887,DE.19829887.A1,19829887,A1,8,8,Germany
DE,7883565,docdb,DE19845981A1,DE19845981,DE.19845981.A1,19845981,A1,7,8,Germany
DE,6467138,docdb,DE4229428A1,DE4229428,DE.4229428.A1,4229428,A1,20,8,Germany
DE,6441755,docdb,DE4132436A1,DE4132436,DE.4132436.A1,4132436,A1,21,8,Germany
DE,7846767,docdb,DE19747420A1,DE19747420,DE.19747420.A1,19747420,A1,10,8,Germany
DE,7840509,docdb,DE19737602A1,DE19737602,DE.19737602.A1,19737602,A1,11,8,Germany
DE,11041019,docdb,DE19646695A1,DE19646695,DE.19646695.A1,19646695,A1,12,8,Germany
DE,7800140,docdb,DE19628934A1,DE19628934,DE.19628934.A1,19628934,A1,13,8,Germany
DE,8008266,docdb,DE19607627A1,DE19607627,DE.19607627.A1,19607627,A1,14,8,Germany
DE,6517603,docdb,DE4416223C1,DE4416223,DE.4416223.C1,4416223,C1,15,8,Germany
DE,6503064,docdb,DE4339640C1,DE4339640,DE.4339640.C1,4339640,C1,16,8,Germany
DE,27169381,docdb,DE4330254A1,DE4330254,DE.4330254.A1,4330254,A1,17,8,Germany
DE,6496283,docdb,DE4329038A1,DE4329038,DE.4329038.A1,4329038,A1,18,8,Germany
DE,6482854,docdb,DE4308212A1,DE4308212,DE.4308212.A1,4308212,A1,19,8,Germany
DE,7905700,docdb,DE19918602A1,DE19918602,DE.19918602.A1,19918602,A1,5,8,Germany
DE,7902893,docdb,DE19914332A1,DE19914332,DE.19914332.A1,19914332,A1,6,8,Germany
DE,6441746,docdb,DE4132426A1,DE4132426,DE.4132426.A1,4132426,A1,22,8,Germany
DE,25897342,docdb,DE4132419A1,DE4132419,DE.4132419.A1,4132419,A1,23,8,Germany
DE,6364609,docdb,DE3834166A1,DE3834166,DE.3834166.A1,3834166,A1,24,8,Germany
DE,7833106,docdb,DE19826114A1,DE19826114,DE.19826114.A1,19826114,A1,9,8,Germany
EA,11346816,docdb,EA001153B1,EA001153,EA.001153.B1,001153,B1,4,8,Eurasian Patent Organization
EP,11417031,docdb,EP0989067A1,EP0989067,EP.0989067.A1,0989067,A1,53,7,European Patent Office
EP,8305000,docdb,EP1031283A1,EP1031283,EP.1031283.A1,1031283,A1,45,7,European Patent Office
EP,9523309,docdb,EP1056344A1,EP1056344,EP.1056344.A1,1056344,A1,46,7,European Patent Office
EP,7878841,docdb,EP0981962A2,EP0981962,EP.0981962.A2,0981962,A2,52,7,European Patent Office
EP,24252127,docdb,EP0776605A2,EP0776605,EP.0776605.A2,0776605,A2,66,7,European Patent Office
EP,11390841,docdb,EP0740517A1,EP0740517,EP.0740517.A1,0740517,A1,67,7,European Patent Office
EP,9522147,docdb,EP1049379A1,EP1049379,EP.1049379.A1,1049379,A1,47,7,European Patent Office
EP,11369962,docdb,EP0715810A1,EP0715810,EP.0715810.A1,0715810,A1,69,7,European Patent Office
EP,11369077,docdb,EP0691078A2,EP0691078,EP.0691078.A2,0691078,A2,70,7,European Patent Office
EP,6907680,docdb,EP0697567A1,EP0697567,EP.0697567.A1,0697567,A1,71,7,European Patent Office
EP,22155141,docdb,EP0683634A1,EP0683634,EP.0683634.A1,0683634,A1,72,7,European Patent Office
EP,11366242,docdb,EP0697815A1,EP0697815,EP.0697815.A1,0697815,A1,73,7,European Patent Office
EP,11041950,docdb,EP1005794A1,EP1005794,EP.1005794.A1,1005794,A1,48,7,European Patent Office
EP,10829855,docdb,EP0947137A2,EP0947137,EP.0947137.A2,0947137,A2,49,7,European Patent Office
EP,21933134,docdb,EP0943558A2,EP0943558,EP.0943558.A2,0943558,A2,50,7,European Patent Office
EP,8240071,docdb,EP1042956A1,EP1042956,EP.1042956.A1,1042956,A1,51,7,European Patent Office
EP,11361616,docdb,EP0554926A1,EP0554926,EP.0554926.A1,0554926,A1,78,7,European Patent Office
EP,27086974,docdb,EP0557425A1,EP0557425,EP.0557425.A1,0557425,A1,79,7,European Patent Office
EP,11359758,docdb,EP0515318A1,EP0515318,EP.0515318.A1,0515318,A1,80,7,European Patent Office
EP,16872484,docdb,EP0516428A2,EP0516428,EP.0516428.A2,0516428,A2,81,7,European Patent Office
EP,8209486,docdb,EP0563413A1,EP0563413,EP.0563413.A1,0563413,A1,82,7,European Patent Office
EP,24676166,docdb,EP0503302A2,EP0503302,EP.0503302.A2,0503302,A2,83,7,European Patent Office
EP,27082319,docdb,EP0480857A2,EP0480857,EP.0480857.A2,0480857,A2,84,7,European Patent Office
EP,8207320,docdb,EP0541834A1,EP0541834,EP.0541834.A1,0541834,A1,85,7,European Patent Office
EP,8204657,docdb,EP0482473A1,EP0482473,EP.0482473.A1,0482473,A1,86,7,European Patent Office
EP,21749656,docdb,EP0687143A1,EP0687143,EP.0687143.A1,0687143,A1,74,7,European Patent Office
EP,21967588,docdb,EP0620975A2,EP0620975,EP.0620975.A2,0620975,A2,75,7,European Patent Office
EP,11365142,docdb,EP0612479A1,EP0612479,EP.0612479.A1,0612479,A1,76,7,European Patent Office
EP,3886293,docdb,EP0574072A1,EP0574072,EP.0574072.A1,0574072,A1,77,7,European Patent Office
EP,8204657,docdb,EP0482245A1,EP0482245,EP.0482245.A1,0482245,A1,91,7,European Patent Office
EP,8204300,docdb,EP0471095A1,EP0471095,EP.0471095.A1,0471095,A1,92,7,European Patent Office
EP,4221677,docdb,EP0399269A1,EP0399269,EP.0399269.A1,0399269,A1,93,7,European Patent Office
EP,12967623,docdb,EP0937434A1,EP0937434,EP.0937434.A1,0937434,A1,54,7,European Patent Office
EP,11346816,docdb,EP0938263A1,EP0938263,EP.0938263.A1,0938263,A1,55,7,European Patent Office
EP,4230085,docdb,EP0904696A2,EP0904696,EP.0904696.A2,0904696,A2,56,7,European Patent Office
EP,22149916,docdb,EP0957032A1,EP0957032,EP.0957032.A1,0957032,A1,57,7,European Patent Office
EP,21810456,docdb,EP0914045A1,EP0914045,EP.0914045.A1,0914045,A1,58,7,European Patent Office
EP,21797521,docdb,EP0920259A1,EP0920259,EP.0920259.A1,0920259,A1,59,7,European Patent Office
EP,24371009,docdb,EP0535268A1,EP0535268,EP.0535268.A1,0535268,A1,87,7,European Patent Office
EP,8207168,docdb,EP0532786A1,EP0532786,EP.0532786.A1,0532786,A1,88,7,European Patent Office
EP,24259750,docdb,EP0471969A1,EP0471969,EP.0471969.A1,0471969,A1,89,7,European Patent Office
EP,3979189,docdb,EP0431583A1,EP0431583,EP.0431583.A1,0431583,A1,90,7,European Patent Office
EP,8226136,docdb,EP0801918A1,EP0801918,EP.0801918.A1,0801918,A1,64,7,European Patent Office
EP,9482337,docdb,EP0761098A1,EP0761098,EP.0761098.A1,0761098,A1,65,7,European Patent Office
EP,26959450,docdb,EP0373446A2,EP0373446,EP.0373446.A2,0373446,A2,96,7,European Patent Office
EP,22610318,docdb,EP0425719A1,EP0425719,EP.0425719.A1,0425719,A1,97,7,European Patent Office
EP,6517603,docdb,EP0687413A1,EP0687413,EP.0687413.A1,0687413,A1,68,7,European Patent Office
EP,22602259,docdb,EP0366738A1,EP0366738,EP.0366738.A1,0366738,A1,95,7,European Patent Office
EP,8230757,docdb,EP0898892A1,EP0898892,EP.0898892.A1,0898892,A1,60,7,European Patent Office
EP,10787901,docdb,EP0787431A1,EP0787431,EP.0787431.A1,0787431,A1,61,7,European Patent Office
EP,26912674,docdb,EP0350660A2,EP0350660,EP.0350660.A2,0350660,A2,98,7,European Patent Office
EP,22463955,docdb,EP1053681A2,EP1053681,EP.1053681.A2,1053681,A2,99,7,European Patent Office
EP,7807899,docdb,EP0834618A2,EP0834618,EP.0834618.A2,0834618,A2,62,7,European Patent Office
EP,23607430,docdb,EP0843517A1,EP0843517,EP.0843517.A1,0843517,A1,63,7,European Patent Office
EP,26329116,docdb,EP0379144A1,EP0379144,EP.0379144.A1,0379144,A1,94,7,European Patent Office
ES,8296139,docdb,ES2112805A1,ES2112805,ES.2112805.A1,2112805,A1,44,7,Spain
FI,8535640,docdb,FI923329A,FI923329,FI.923329.A,923329,A,41,7,Finland
FI,8540864,docdb,FI942670A,FI942670,FI.942670.A,942670,A,40,7,Finland
FR,9435218,docdb,FR2697146A3,FR2697146,FR.2697146.A3,2697146,A3,32,7,France
FR,9492153,docdb,FR2748384A1,FR2748384,FR.2748384.A1,2748384,A1,27,7,France
FR,9459944,docdb,FR2715804A1,FR2715804,FR.2715804.A1,2715804,A1,31,7,France
FR,9369348,docdb,FR2635258A1,FR2635258,FR.2635258.A1,2635258,A1,38,7,France
FR,9493999,docdb,FR2750950A1,FR2750950,FR.2750950.A1,2750950,A1,26,7,France
FR,9417392,docdb,FR2681582A1,FR2681582,FR.2681582.A1,2681582,A1,35,7,France
FR,9432939,docdb,FR2694876A1,FR2694876,FR.2694876.A1,2694876,A1,33,7,France
FR,9524333,docdb,FR2776166A1,FR2776166,FR.2776166.A1,2776166,A1,19,7,France
FR,9430468,docdb,FR2692026A1,FR2692026,FR.2692026.A1,2692026,A1,34,7,France
FR,9495631,docdb,FR2753121A1,FR2753121,FR.2753121.A1,2753121,A1,25,7,France
FR,9532282,docdb,FR2785368A1,FR2785368,FR.2785368.A1,2785368,A1,18,7,France
FR,9378332,docdb,FR2642937A1,FR2642937,FR.2642937.A1,2642937,A1,37,7,France
FR,9508124,docdb,FR2764777A1,FR2764777,FR.2764777.A1,2764777,A1,24,7,France
FR,9460045,docdb,FR2716076A1,FR2716076,FR.2716076.A1,2716076,A1,30,7,France
FR,9523309,docdb,FR2774866A1,FR2774866,FR.2774866.A1,2774866,A1,20,7,France
FR,9396824,docdb,FR2662054A1,FR2662054,FR.2662054.A1,2662054,A1,36,7,France
FR,9468904,docdb,FR2726812A1,FR2726812,FR.2726812.A1,2726812,A1,29,7,France
FR,9511206,docdb,FR2768305A1,FR2768305,FR.2768305.A1,2768305,A1,23,7,France
FR,9522147,docdb,FR2773951A1,FR2773951,FR.2773951.A1,2773951,A1,22,7,France
FR,9477819,docdb,FR2732558A1,FR2732558,FR.2732558.A1,2732558,A1,28,7,France
GB,27451795,docdb,GB2338633A,GB2338633,GB.2338633.A,2338633,A,94,6,United Kingdom
GB,3791827,docdb,GB2308970A,GB2308970,GB.2308970.A,2308970,A,1,7,United Kingdom
GB,10771159,docdb,GB2298776A,GB2298776,GB.2298776.A,2298776,A,2,7,United Kingdom
GB,11041837,docdb,GB2340023A,GB2340023,GB.2340023.A,2340023,A,92,6,United Kingdom
GB,26320206,docdb,GB2340022A,GB2340022,GB.2340022.A,2340022,A,93,6,United Kingdom
GB,10845130,docdb,GB2345281A,GB2345281,GB.2345281.A,2345281,A,95,6,United Kingdom
GB,10830276,docdb,GB2336349A,GB2336349,GB.2336349.A,2336349,A,96,6,United Kingdom
GB,11041950,docdb,GB2344270A,GB2344270,GB.2344270.A,2344270,A,97,6,United Kingdom
GB,10742025,docdb,GB2281850A,GB2281850,GB.2281850.A,2281850,A,7,7,United Kingdom
GB,10864893,docdb,GB2341595A,GB2341595,GB.2341595.A,2341595,A,91,6,United Kingdom
GB,25872972,docdb,GB2223392A,GB2223392,GB.2223392.A,2223392,A,13,7,United Kingdom
GB,27268879,docdb,GB2325843A,GB2325843,GB.2325843.A,2325843,A,100,6,United Kingdom
GB,26298903,docdb,GB2272358A,GB2272358,GB.2272358.A,2272358,A,6,7,United Kingdom
GB,10730777,docdb,GB2275171A,GB2275171,GB.2275171.A,2275171,A,8,7,United Kingdom
GB,26231509,docdb,GB2287177A,GB2287177,GB.2287177.A,2287177,A,3,7,United Kingdom
GB,25662840,docdb,GB2284738A,GB2284738,GB.2284738.A,2284738,A,5,7,United Kingdom
GB,10720689,docdb,GB2269810A,GB2269810,GB.2269810.A,2269810,A,10,7,United Kingdom
GB,23974635,docdb,GB2317809A,GB2317809,GB.2317809.A,2317809,A,98,6,United Kingdom
GB,10821234,docdb,GB2330759A,GB2330759,GB.2330759.A,2330759,A,99,6,United Kingdom
GB,25872972,docdb,GB2262870A,GB2262870,GB.2262870.A,2262870,A,9,7,United Kingdom
GB,10765160,docdb,GB2295531A,GB2295531,GB.2295531.A,2295531,A,4,7,United Kingdom
GB,10648563,docdb,GB2228661A,GB2228661,GB.2228661.A,2228661,A,14,7,United Kingdom
GB,10642409,docdb,GB2223391A,GB2223391,GB.2223391.A,2223391,A,15,7,United Kingdom
GB,10709676,docdb,GB2263764A,GB2263764,GB.2263764.A,2263764,A,11,7,United Kingdom
GR,8207320,docdb,GR3020344T3,GR3020344,GR.3020344.T3,3020344,T3,89,6,Greece
GR,10943098,docdb,GR1003097B,GR1003097,GR.1003097.B,1003097,B,87,6,Greece
GR,24259750,docdb,GR3019719T3,GR3019719,GR.3019719.T3,3019719,T3,90,6,Greece
GR,10943410,docdb,GR1003226B,GR1003226,GR.1003226.B,1003226,B,86,6,Greece
GR,10943024,docdb,GR1002941B,GR1002941,GR.1002941.B,1002941,B,88,6,Greece
HU,27086974,docdb,HUT67197A,HUT67197,HU.T67197.A,T67197,A,85,6,Hungary
HU,10964434,docdb,HU200543B,HU200543,HU.200543.B,200543,B,84,6,Hungary
HU,10981674,docdb,HU213167B,HU213167,HU.213167.B,213167,B,83,6,Hungary
HU,10989617,docdb,HU9701055A2,HU9701055,HU.9701055.A2,9701055,A2,81,6,Hungary
HU,10982521,docdb,HUH3737A,HUH3737,HU.H3737.A,H3737,A,82,6,Hungary
IE,11041950,docdb,IE981013A1,IE981013,IE.981013.A1,981013,A1,72,6,Ireland
IE,11040704,docdb,IES65036B2,IES65036,IE.S65036.B2,S65036,B2,74,6,Ireland
IE,11041954,docdb,IES80836B2,IES80836,IE.S80836.B2,S80836,B2,68,6,Ireland
IE,6364609,docdb,IE63978B1,IE63978,IE.63978.B1,63978,B1,78,6,Ireland
IE,11041951,docdb,IES80834B2,IES80834,IE.S80834.B2,S80834,B2,71,6,Ireland
IE,11040578,docdb,IES65601B2,IES65601,IE.S65601.B2,S65601,B2,75,6,Ireland
IE,11041247,docdb,IES79049B2,IES79049,IE.S79049.B2,S79049,B2,73,6,Ireland
IE,6364610,docdb,IE63979B1,IE63979,IE.63979.B1,63979,B1,77,6,Ireland
IE,11040204,docdb,IE930948A1,IE930948,IE.930948.A1,930948,A1,76,6,Ireland
IE,11041952,docdb,IES80833B2,IES80833,IE.S80833.B2,S80833,B2,70,6,Ireland
IE,11041953,docdb,IES80837B2,IES80837,IE.S80837.B2,S80837,B2,69,6,Ireland
IN,11077972,docdb,IN177150B,IN177150,IN.177150.B,177150,B,60,6,India
IN,11077933,docdb,IN178738B,IN178738,IN.178738.B,178738,B,64,6,India
IN,11077956,docdb,IN177977B,IN177977,IN.177977.B,177977,B,62,6,India
IN,11077964,docdb,IN177978B,IN177978,IN.177978.B,177978,B,61,6,India
IN,11077944,docdb,IN177925B,IN177925,IN.177925.B,177925,B,63,6,India
IT,11371688,docdb,ITMI951098A1,ITMI951098,IT.MI951098.A1,MI951098,A1,48,6,Italy
IT,11387469,docdb,IT1264330B,IT1264330,IT.1264330.B,1264330,B,45,6,Italy
IT,11339455,docdb,ITBO940035A1,ITBO940035,IT.BO940035.A1,BO940035,A1,52,6,Italy
IT,11250306,docdb,IT1235881B,IT1235881,IT.1235881.B,1235881,B,57,6,Italy
IT,11387423,docdb,IT1259404B,IT1259404,IT.1259404.B,1259404,B,46,6,Italy
IT,11369525,docdb,IT1274762B,IT1274762,IT.1274762.B,1274762,B,50,6,Italy
IT,11160881,docdb,IT1239404B,IT1239404,IT.1239404.B,1239404,B,59,6,Italy
IT,11387417,docdb,IT1259403B,IT1259403,IT.1259403.B,1259403,B,47,6,Italy
IT,11165023,docdb,IT1239957B,IT1239957,IT.1239957.B,1239957,B,58,6,Italy
IT,11322262,docdb,IT1235126B,IT1235126,IT.1235126.B,1235126,B,54,6,Italy
IT,11369486,docdb,IT1274727B,IT1274727,IT.1274727.B,1274727,B,51,6,Italy
IT,11427355,docdb,IT1249412B,IT1249412,IT.1249412.B,1249412,B,38,6,Italy
IT,11369930,docdb,IT1271111B,IT1271111,IT.1271111.B,1271111,B,49,6,Italy
IT,11401161,docdb,IT1258458B,IT1258458,IT.1258458.B,1258458,B,44,6,Italy
IT,11318118,docdb,IT1234345B,IT1234345,IT.1234345.B,1234345,B,55,6,Italy
IT,11255633,docdb,IT1214342B,IT1214342,IT.1214342.B,1214342,B,56,6,Italy
IT,11402843,docdb,ITRM940783A1,ITRM940783,IT.RM940783.A1,RM940783,A1,43,6,Italy
IT,11427252,docdb,IT1248185B,IT1248185,IT.1248185.B,1248185,B,42,6,Italy
IT,11427258,docdb,IT1248188B,IT1248188,IT.1248188.B,1248188,B,39,6,Italy
IT,11427724,docdb,IT1262798B,IT1262798,IT.1262798.B,1262798,B,37,6,Italy
IT,11427254,docdb,IT1248186B,IT1248186,IT.1248186.B,1248186,B,41,6,Italy
IT,11427256,docdb,IT1248187B,IT1248187,IT.1248187.B,1248187,B,40,6,Italy
JP,18509795,docdb,JP2000191058A,JP2000191058,JP.2000191058.A,2000191058,A,59,4,Japan
JP,18385231,docdb,JPH09154475A,JPH09154475,JP.H09154475.A,H09154475,A,71,4,Japan
JP,18508988,docdb,JP2000189043A,JP2000189043,JP.2000189043.A,2000189043,A,60,4,Japan
JP,8212982,docdb,JPH07147906A,JPH07147906,JP.H07147906.A,H07147906,A,66,5,Japan
JP,14773641,docdb,JPH02299561A,JPH02299561,JP.H02299561.A,H02299561,A,71,5,Japan
JP,24108269,docdb,JPH04242560A,JPH04242560,JP.H04242560.A,H04242560,A,72,5,Japan
JP,15023868,docdb,JPH0423944A,JPH0423944,JP.H0423944.A,H0423944,A,65,5,Japan
JP,18456570,docdb,JPH06191553A,JPH06191553,JP.H06191553.A,H06191553,A,64,4,Japan
JP,14590939,docdb,JPH0387134A,JPH0387134,JP.H0387134.A,H0387134,A,79,5,Japan
JP,14394736,docdb,JPH09289882A,JPH09289882,JP.H09289882.A,H09289882,A,80,5,Japan
JP,14546323,docdb,JPH02286061A,JPH02286061,JP.H02286061.A,H02286061,A,77,5,Japan
JP,18404321,docdb,JPH05153939A,JPH05153939,JP.H05153939.A,H05153939,A,68,4,Japan
JP,14796337,docdb,JPH0416140A,JPH0416140,JP.H0416140.A,H0416140,A,70,5,Japan
JP,14046631,docdb,JP2000279136A,JP2000279136,JP.2000279136.A,2000279136,A,84,5,Japan
JP,14924888,docdb,JPH08317780A,JPH08317780,JP.H08317780.A,H08317780,A,68,5,Japan
JP,18510670,docdb,JPH04214127A,JPH04214127,JP.H04214127.A,H04214127,A,58,4,Japan
JP,14678607,docdb,JPH02299569A,JPH02299569,JP.H02299569.A,H02299569,A,74,5,Japan
JP,18388401,docdb,JPH09169367A,JPH09169367,JP.H09169367.A,H09169367,A,69,4,Japan
JP,18441720,docdb,JPH07203919A,JPH07203919,JP.H07203919.A,H07203919,A,65,4,Japan
JP,18478607,docdb,JPH11169139A,JPH11169139,JP.H11169139.A,H11169139,A,63,4,Japan
JP,18388275,docdb,JPH09169377A,JPH09169377,JP.H09169377.A,H09169377,A,70,4,Japan
JP,13398671,docdb,JPH11243847A,JPH11243847,JP.H11243847.A,H11243847,A,92,5,Japan
JP,18348825,docdb,JP2000168759A,JP2000168759,JP.2000168759.A,2000168759,A,72,4,Japan
JP,24021990,docdb,JPH04230992A,JPH04230992,JP.H04230992.A,H04230992,A,90,5,Japan
JP,14897813,docdb,JPH0420238A,JPH0420238,JP.H0420238.A,H0420238,A,69,5,Japan
JP,18494892,docdb,JPH11192062A,JPH11192062,JP.H11192062.A,H11192062,A,62,4,Japan
JP,18273258,docdb,JPH02177847A,JPH02177847,JP.H02177847.A,H02177847,A,76,4,Japan
JP,26353630,docdb,JPH10277849A,JPH10277849,JP.H10277849.A,H10277849,A,73,4,Japan
JP,18432125,docdb,JP3037938B1,JP3037938,JP.3037938.B1,3037938,B1,66,4,Japan
JP,17981280,docdb,JPH05176668A,JPH05176668,JP.H05176668.A,H05176668,A,67,4,Japan
JP,14667558,docdb,JP2000300415A,JP2000300415,JP.2000300415.A,2000300415,A,75,5,Japan
JP,18255035,docdb,JP2000164340A,JP2000164340,JP.2000164340.A,2000164340,A,77,4,Japan
JP,26959450,docdb,JPH02249443A,JPH02249443,JP.H02249443.A,H02249443,A,82,4,Japan
JP,18006911,docdb,JPH02156847A,JPH02156847,JP.H02156847.A,H02156847,A,83,4,Japan
JP,17992731,docdb,JPH04183353A,JPH04183353,JP.H04183353.A,H04183353,A,84,4,Japan
JP,17983852,docdb,JPH08164952A,JPH08164952,JP.H08164952.A,H08164952,A,85,4,Japan
JP,17982676,docdb,JPH10117673A,JPH10117673,JP.H10117673.A,H10117673,A,86,4,Japan
JP,17977088,docdb,JPH10146280A,JPH10146280,JP.H10146280.A,H10146280,A,87,4,Japan
JP,17931289,docdb,JPH02182216A,JPH02182216,JP.H02182216.A,H02182216,A,88,4,Japan
JP,17930069,docdb,JPH02150231A,JPH02150231,JP.H02150231.A,H02150231,A,89,4,Japan
JP,17844558,docdb,JPH09108121A,JPH09108121,JP.H09108121.A,H09108121,A,90,4,Japan
JP,17840248,docdb,JPH08150081A,JPH08150081,JP.H08150081.A,H08150081,A,91,4,Japan
JP,23362526,docdb,JPH0327273A,JPH0327273,JP.H0327273.A,H0327273,A,73,5,Japan
JP,13699015,docdb,JPH05280745A,JPH05280745,JP.H05280745.A,H05280745,A,88,5,Japan
JP,14576278,docdb,JPH05244865A,JPH05244865,JP.H05244865.A,H05244865,A,76,5,Japan
JP,17675171,docdb,JPH08116934A,JPH08116934,JP.H08116934.A,H08116934,A,95,4,Japan
JP,17660705,docdb,JPH1199873A,JPH1199873,JP.H1199873.A,H1199873,A,96,4,Japan
JP,14522089,docdb,JP2000253802A,JP2000253802,JP.2000253802.A,2000253802,A,78,5,Japan
JP,17599522,docdb,JP2000102340A,JP2000102340,JP.2000102340.A,2000102340,A,98,4,Japan
JP,23680823,docdb,JPH03183440A,JPH03183440,JP.H03183440.A,H03183440,A,99,4,Japan
JP,14368062,docdb,JPH10276666A,JPH10276666,JP.H10276666.A,H10276666,A,81,5,Japan
JP,18505207,docdb,JP2000157230A,JP2000157230,JP.2000157230.A,2000157230,A,61,4,Japan
JP,17539049,docdb,JPH02118331A,JPH02118331,JP.H02118331.A,H02118331,A,2,5,Japan
JP,17479739,docdb,JPH08131092A,JPH08131092,JP.H08131092.A,H08131092,A,3,5,Japan
JP,13735976,docdb,JPH08276928A,JPH08276928,JP.H08276928.A,H08276928,A,85,5,Japan
JP,13729694,docdb,JPH07250974A,JPH07250974,JP.H07250974.A,H07250974,A,86,5,Japan
JP,17801784,docdb,JPH02139348A,JPH02139348,JP.H02139348.A,H02139348,A,93,4,Japan
JP,13661123,docdb,JPH09238629A,JPH09238629,JP.H09238629.A,H09238629,A,89,5,Japan
JP,17149769,docdb,JPH08107776A,JPH08107776,JP.H08107776.A,H08107776,A,8,5,Japan
JP,17091101,docdb,JPH1066501A,JPH1066501,JP.H1066501.A,H1066501,A,9,5,Japan
JP,17091088,docdb,JPH1066500A,JPH1066500,JP.H1066500.A,H1066500,A,10,5,Japan
JP,17085488,docdb,JPH06113710A,JPH06113710,JP.H06113710.A,H06113710,A,11,5,Japan
JP,17077908,docdb,JPH0292230A,JPH0292230,JP.H0292230.A,H0292230,A,12,5,Japan
JP,17018165,docdb,JPH1146673A,JPH1146673,JP.H1146673.A,H1146673,A,13,5,Japan
JP,16979582,docdb,JPH0398561A,JPH0398561,JP.H0398561.A,H0398561,A,14,5,Japan
JP,16950345,docdb,JPH1075709A,JPH1075709,JP.H1075709.A,H1075709,A,15,5,Japan
JP,16943641,docdb,JPH1075721A,JPH1075721,JP.H1075721.A,H1075721,A,16,5,Japan
JP,8217175,docdb,JPH08266214A,JPH08266214,JP.H08266214.A,H08266214,A,17,5,Japan
JP,18189457,docdb,JP2000139428A,JP2000139428,JP.2000139428.A,2000139428,A,78,4,Japan
JP,13718980,docdb,JPH02257830A,JPH02257830,JP.H02257830.A,H02257830,A,87,5,Japan
JP,17790444,docdb,JPH1189690A,JPH1189690,JP.H1189690.A,H1189690,A,94,4,Japan
JP,24252127,docdb,JPH09163916A,JPH09163916,JP.H09163916.A,H09163916,A,81,4,Japan
JP,16845002,docdb,JPH1156214A,JPH1156214,JP.H1156214.A,H1156214,A,22,5,Japan
JP,16835641,docdb,JP2000050825A,JP2000050825,JP.2000050825.A,2000050825,A,23,5,Japan
JP,16772513,docdb,JPH1042783A,JPH1042783,JP.H1042783.A,H1042783,A,24,5,Japan
JP,16707646,docdb,JP2000041568A,JP2000041568,JP.2000041568.A,2000041568,A,25,5,Japan
JP,23564332,docdb,JPH03187869A,JPH03187869,JP.H03187869.A,H03187869,A,26,5,Japan
JP,16682925,docdb,JPH0265742A,JPH0265742,JP.H0265742.A,H0265742,A,27,5,Japan
JP,16600272,docdb,JPH1052372A,JPH1052372,JP.H1052372.A,H1052372,A,28,5,Japan
JP,16579314,docdb,JPH1132662A,JPH1132662,JP.H1132662.A,H1132662,A,29,5,Japan
JP,16528794,docdb,JP2000037177A,JP2000037177,JP.2000037177.A,2000037177,A,30,5,Japan
JP,16485619,docdb,JPH0751032A,JPH0751032,JP.H0751032.A,H0751032,A,31,5,Japan
JP,17836633,docdb,JPH03160961A,JPH03160961,JP.H03160961.A,H03160961,A,92,4,Japan
JP,17159255,docdb,JPH0292232A,JPH0292232,JP.H0292232.A,H0292232,A,7,5,Japan
JP,24259750,docdb,JPH04253670A,JPH04253670,JP.H04253670.A,H04253670,A,34,5,Japan
JP,16363502,docdb,JP2000004851A,JP2000004851,JP.2000004851.A,2000004851,A,35,5,Japan
JP,8204300,docdb,JPH04349840A,JPH04349840,JP.H04349840.A,H04349840,A,36,5,Japan
JP,16325326,docdb,JPH0937748A,JPH0937748,JP.H0937748.A,H0937748,A,37,5,Japan
JP,16319531,docdb,JPH1014546A,JPH1014546,JP.H1014546.A,H1014546,A,38,5,Japan
JP,16277129,docdb,JPH0819366A,JPH0819366,JP.H0819366.A,H0819366,A,39,5,Japan
JP,16276548,docdb,JPH0851964A,JPH0851964,JP.H0851964.A,H0851964,A,40,5,Japan
JP,16251652,docdb,JPH1132660A,JPH1132660,JP.H1132660.A,H1132660,A,41,5,Japan
JP,16249461,docdb,JPH1014514A,JPH1014514,JP.H1014514.A,H1014514,A,42,5,Japan
JP,19391362,docdb,JPH08171674A,JPH08171674,JP.H08171674.A,H08171674,A,43,5,Japan
JP,17324157,docdb,JPH0568470A,JPH0568470,JP.H0568470.A,H0568470,A,4,5,Japan
JP,17323644,docdb,JPH1099010A,JPH1099010,JP.H1099010.A,H1099010,A,5,5,Japan
JP,16458484,docdb,JPH0488970A,JPH0488970,JP.H0488970.A,H0488970,A,33,5,Japan
JP,22811465,docdb,JPH02180173A,JPH02180173,JP.H02180173.A,H02180173,A,47,5,Japan
JP,16042274,docdb,JPH0466077A,JPH0466077,JP.H0466077.A,H0466077,A,48,5,Japan
JP,15950862,docdb,JPH0463538A,JPH0463538,JP.H0463538.A,H0463538,A,49,5,Japan
JP,15736990,docdb,JPH08332034A,JPH08332034,JP.H08332034.A,H08332034,A,50,5,Japan
JP,15735256,docdb,JPH08322522A,JPH08322522,JP.H08322522.A,H08322522,A,51,5,Japan
JP,24122430,docdb,JPH04228019A,JPH04228019,JP.H04228019.A,H04228019,A,52,5,Japan
JP,15671988,docdb,JP2987578B1,JP2987578,JP.2987578.B1,2987578,B1,53,5,Japan
JP,27168908,docdb,JPH0523148A,JPH0523148,JP.H0523148.A,H0523148,A,54,5,Japan
JP,15634270,docdb,JP2973313B1,JP2973313,JP.2973313.B1,2973313,B1,55,5,Japan
JP,15582230,docdb,JPH10327739A,JPH10327739,JP.H10327739.A,H10327739,A,56,5,Japan
JP,15549435,docdb,JPH06339360A,JPH06339360,JP.H06339360.A,H06339360,A,57,5,Japan
JP,16880749,docdb,JP2000041621A,JP2000041621,JP.2000041621.A,2000041621,A,18,5,Japan
JP,17197209,docdb,JPH03112456A,JPH03112456,JP.H03112456.A,H03112456,A,6,5,Japan
JP,18096048,docdb,JPH02163032A,JPH02163032,JP.H02163032.A,H02163032,A,80,4,Japan
JP,16864273,docdb,JPH1052216A,JPH1052216,JP.H1052216.A,H1052216,A,21,5,Japan
JP,15285269,docdb,JPH0433103A,JPH0433103,JP.H0433103.A,H0433103,A,62,5,Japan
JP,15147899,docdb,JPH0430743A,JPH0430743,JP.H0430743.A,H0430743,A,63,5,Japan
JP,15073427,docdb,JPH031018A,JPH031018,JP.H031018.A,H031018,A,64,5,Japan
JP,13125450,docdb,JP2000253801A,JP2000253801,JP.2000253801.A,2000253801,A,5,6,Japan
JP,13071816,docdb,JPH08228732A,JPH08228732,JP.H08228732.A,H08228732,A,6,6,Japan
JP,14984094,docdb,JP2000318768A,JP2000318768,JP.2000318768.A,2000318768,A,67,5,Japan
JP,13023312,docdb,JPH09248122A,JPH09248122,JP.H09248122.A,H09248122,A,8,6,Japan
JP,13001930,docdb,JP2939224B1,JP2939224,JP.2939224.B1,2939224,B1,9,6,Japan
JP,12904165,docdb,JPH11243837A,JPH11243837,JP.H11243837.A,H11243837,A,10,6,Japan
JP,12834851,docdb,JPH10210922A,JPH10210922,JP.H10210922.A,H10210922,A,11,6,Japan
JP,12812771,docdb,JPH09238643A,JPH09238643,JP.H09238643.A,H09238643,A,12,6,Japan
JP,12799507,docdb,JPH03251135A,JPH03251135,JP.H03251135.A,H03251135,A,13,6,Japan
JP,12743282,docdb,JPH05244913A,JPH05244913,JP.H05244913.A,H05244913,A,14,6,Japan
JP,12699816,docdb,JPH02223730A,JPH02223730,JP.H02223730.A,H02223730,A,15,6,Japan
JP,26338254,docdb,JPH10257847A,JPH10257847,JP.H10257847.A,H10257847,A,16,6,Japan
JP,26380816,docdb,JP2000210061A,JP2000210061,JP.2000210061.A,2000210061,A,17,6,Japan
JP,17645667,docdb,JP2000070159A,JP2000070159,JP.2000070159.A,2000070159,A,97,4,Japan
JP,12537024,docdb,JPH11225703A,JPH11225703,JP.H11225703.A,H11225703,A,19,6,Japan
JP,12421439,docdb,JPH09224548A,JPH09224548,JP.H09224548.A,H09224548,A,20,6,Japan
JP,4230085,docdb,JPH11155466A,JPH11155466,JP.H11155466.A,H11155466,A,100,4,Japan
JP,17554362,docdb,JPH03139267A,JPH03139267,JP.H03139267.A,H03139267,A,1,5,Japan
JP,11358763,docdb,JPH04311337A,JPH04311337,JP.H04311337.A,H04311337,A,23,6,Japan
JP,12160883,docdb,JP2876316B1,JP2876316,JP.2876316.B1,2876316,B1,24,6,Japan
JP,11365142,docdb,JPH07135930A,JPH07135930,JP.H07135930.A,H07135930,A,25,6,Japan
JP,12107922,docdb,JPH05227885A,JPH05227885,JP.H05227885.A,H05227885,A,26,6,Japan
JP,12105139,docdb,JPH06125690A,JPH06125690,JP.H06125690.A,H06125690,A,27,6,Japan
JP,11930490,docdb,JPH09182555A,JPH09182555,JP.H09182555.A,H09182555,A,28,6,Japan
JP,11807354,docdb,JPH11206348A,JPH11206348,JP.H11206348.A,H11206348,A,29,6,Japan
JP,11677407,docdb,JPH03216161A,JPH03216161,JP.H03216161.A,H03216161,A,30,6,Japan
JP,13559303,docdb,JPH11253091A,JPH11253091,JP.H11253091.A,H11253091,A,91,5,Japan
JP,11590484,docdb,JP2000201616A,JP2000201616,JP.2000201616.A,2000201616,A,32,6,Japan
JP,13395455,docdb,JPH11216068A,JPH11216068,JP.H11216068.A,H11216068,A,93,5,Japan
JP,8209486,docdb,JPH0614749A,JPH0614749,JP.H0614749.A,H0614749,A,94,5,Japan
JP,18305660,docdb,JPH07184529A,JPH07184529,JP.H07184529.A,H07184529,A,74,4,Japan
JP,18282485,docdb,JPH05166072A,JPH05166072,JP.H05166072.A,H05166072,A,75,4,Japan
JP,13276530,docdb,JPH02245170A,JPH02245170,JP.H02245170.A,H02245170,A,97,5,Japan
JP,13261993,docdb,JPH03264008A,JPH03264008,JP.H03264008.A,H03264008,A,98,5,Japan
JP,16873438,docdb,JPH0391435A,JPH0391435,JP.H0391435.A,H0391435,A,19,5,Japan
JP,16872484,docdb,JPH04356153A,JPH04356153,JP.H04356153.A,H04356153,A,20,5,Japan
JP,13203450,docdb,JP2000253806A,JP2000253806,JP.2000253806.A,2000253806,A,1,6,Japan
JP,13149256,docdb,JPH11239456A,JPH11239456,JP.H11239456.A,H11239456,A,2,6,Japan
JP,13140268,docdb,JPH03262436A,JPH03262436,JP.H03262436.A,H03262436,A,3,6,Japan
JP,13139465,docdb,JP2000253823A,JP2000253823,JP.2000253823.A,2000253823,A,4,6,Japan
JP,11640816,docdb,JP3058158B1,JP3058158,JP.3058158.B1,3058158,B1,31,6,Japan
JP,12583645,docdb,JPH06225731A,JPH06225731,JP.H06225731.A,H06225731,A,18,6,Japan
JP,13071788,docdb,JPH08228731A,JPH08228731,JP.H08228731.A,H08228731,A,7,6,Japan
JP,11561014,docdb,JPH03210143A,JPH03210143,JP.H03210143.A,H03210143,A,34,6,Japan
JP,12360661,docdb,JPH02211112A,JPH02211112,JP.H02211112.A,H02211112,A,21,6,Japan
JP,26368680,docdb,JPH11313769A,JPH11313769,JP.H11313769.A,H11313769,A,22,6,Japan
JP,13352915,docdb,JPH11243845A,JPH11243845,JP.H11243845.A,H11243845,A,96,5,Japan
JP,16140779,docdb,JPH0240483A,JPH0240483,JP.H0240483.A,H0240483,A,44,5,Japan
JP,16476777,docdb,JP2000355372A,JP2000355372,JP.2000355372.A,2000355372,A,32,5,Japan
JP,16067708,docdb,JPH0468222A,JPH0468222,JP.H0468222.A,H0468222,A,46,5,Japan
JP,15484796,docdb,JP2000337642A,JP2000337642,JP.2000337642.A,2000337642,A,60,5,Japan
JP,15346687,docdb,JPH0436171A,JPH0436171,JP.H0436171.A,H0436171,A,61,5,Japan
JP,15533837,docdb,JPH078190A,JPH078190,JP.H078190.A,H078190,A,59,5,Japan
JP,11547014,docdb,JPH02182175A,JPH02182175,JP.H02182175.A,H02182175,A,35,6,Japan
JP,11546987,docdb,JPH02182144A,JPH02182144,JP.H02182144.A,H02182144,A,36,6,Japan
JP,11562825,docdb,JP2000201656A,JP2000201656,JP.2000201656.A,2000201656,A,33,6,Japan
JP,13205892,docdb,JPH02242638A,JPH02242638,JP.H02242638.A,H02242638,A,100,5,Japan
JP,16133259,docdb,JPH0347029A,JPH0347029,JP.H0347029.A,H0347029,A,45,5,Japan
JP,18150720,docdb,JPH11155532A,JPH11155532,JP.H11155532.A,H11155532,A,79,4,Japan
JP,13352944,docdb,JPH11243846A,JPH11243846,JP.H11243846.A,H11243846,A,95,5,Japan
JP,13247873,docdb,JPH11243834A,JPH11243834,JP.H11243834.A,H11243834,A,99,5,Japan
JP,26476729,docdb,JPH1146663A,JPH1146663,JP.H1146663.A,H1146663,A,58,5,Japan
KR,11346816,docdb,KR20000068789A,KR20000068789,KR.20000068789.A,20000068789,A,1,1,"Korea, Republic of"
KR,54763297,docdb,KR20000021318U,KR20000021318,KR.20000021318.U,20000021318,U,2,1,"Korea, Republic of"
KR,54762844,docdb,KR20000020824U,KR20000020824,KR.20000020824.U,20000020824,U,3,1,"Korea, Republic of"
KR,54762669,docdb,KR20000020628U,KR20000020628,KR.20000020628.U,20000020628,U,4,1,"Korea, Republic of"
KR,54762668,docdb,KR20000020627U,KR20000020627,KR.20000020627.U,20000020627,U,5,1,"Korea, Republic of"
KR,54756918,docdb,KR19990034894U,KR19990034894,KR.19990034894.U,19990034894,U,6,1,"Korea, Republic of"
KR,54756917,docdb,KR19990034893U,KR19990034893,KR.19990034893.U,19990034893,U,7,1,"Korea, Republic of"
KR,54756616,docdb,KR19990033712U,KR19990033712,KR.19990033712.U,19990033712,U,8,1,"Korea, Republic of"
KR,19575640,docdb,KR19990033521U,KR19990033521,KR.19990033521.U,19990033521,U,9,1,"Korea, Republic of"
KR,54756171,docdb,KR19990033203U,KR19990033203,KR.19990033203.U,19990033203,U,10,1,"Korea, Republic of"
KR,54755564,docdb,KR19990022394U,KR19990022394,KR.19990022394.U,19990022394,U,11,1,"Korea, Republic of"
KR,19497101,docdb,KR200150154Y1,KR200150154,KR.200150154.Y1,200150154,Y1,34,4,"Korea, Republic of"
KR,19497100,docdb,KR200150153Y1,KR200150153,KR.200150153.Y1,200150153,Y1,35,4,"Korea, Republic of"
KR,19497099,docdb,KR200150152Y1,KR200150152,KR.200150152.Y1,200150152,Y1,36,4,"Korea, Republic of"
KR,19485362,docdb,KR100198253B1,KR100198253,KR.100198253.B1,100198253,B1,37,4,"Korea, Republic of"
KR,19462254,docdb,KR980009356U,KR980009356,KR.980009356.U,980009356,U,38,4,"Korea, Republic of"
KR,19443053,docdb,KR0127380Y1,KR0127380,KR.0127380.Y1,0127380,Y1,39,4,"Korea, Republic of"
KR,19439724,docdb,KR0156071B1,KR0156071,KR.0156071.B1,0156071,B1,40,4,"Korea, Republic of"
KR,19437291,docdb,KR0153699B1,KR0153699,KR.0153699.B1,0153699,B1,41,4,"Korea, Republic of"
KR,19437290,docdb,KR0153700B1,KR0153700,KR.0153700.B1,0153700,B1,42,4,"Korea, Republic of"
KR,19424438,docdb,KR0126326Y1,KR0126326,KR.0126326.Y1,0126326,Y1,43,4,"Korea, Republic of"
KR,19420174,docdb,KR0114303Y1,KR0114303,KR.0114303.Y1,0114303,Y1,44,4,"Korea, Republic of"
KR,19419789,docdb,KR0172101B1,KR0172101,KR.0172101.B1,0172101,B1,45,4,"Korea, Republic of"
KR,19671356,docdb,KR20000058508A,KR20000058508,KR.20000058508.A,20000058508,A,6,4,"Korea, Republic of"
KR,19664966,docdb,KR200206600Y1,KR200206600,KR.200206600.Y1,200206600,Y1,7,4,"Korea, Republic of"
KR,19646749,docdb,KR200195438Y1,KR200195438,KR.200195438.Y1,200195438,Y1,8,4,"Korea, Republic of"
KR,19645813,docdb,KR20000036343A,KR20000036343,KR.20000036343.A,20000036343,A,9,4,"Korea, Republic of"
KR,19645375,docdb,KR200192029Y1,KR200192029,KR.200192029.Y1,200192029,Y1,10,4,"Korea, Republic of"
KR,19645143,docdb,KR20000058263A,KR20000058263,KR.20000058263.A,20000058263,A,11,4,"Korea, Republic of"
KR,19645141,docdb,KR20000058262A,KR20000058262,KR.20000058262.A,20000058262,A,12,4,"Korea, Republic of"
KR,19641237,docdb,KR200188237Y1,KR200188237,KR.200188237.Y1,200188237,Y1,13,4,"Korea, Republic of"
KR,19639991,docdb,KR200188559Y1,KR200188559,KR.200188559.Y1,200188559,Y1,14,4,"Korea, Republic of"
KR,19639137,docdb,KR20000018180A,KR20000018180,KR.20000018180.A,20000018180,A,15,4,"Korea, Republic of"
KR,19639137,docdb,KR200188533Y1,KR200188533,KR.200188533.Y1,200188533,Y1,16,4,"Korea, Republic of"
KR,19636697,docdb,KR200188518Y1,KR200188518,KR.200188518.Y1,200188518,Y1,17,4,"Korea, Republic of"
KR,19631514,docdb,KR20000017898A,KR20000017898,KR.20000017898.A,20000017898,A,18,4,"Korea, Republic of"
KR,19625861,docdb,KR20000017798A,KR20000017798,KR.20000017798.A,20000017798,A,19,4,"Korea, Republic of"
KR,19625860,docdb,KR20000012611A,KR20000012611,KR.20000012611.A,20000012611,A,20,4,"Korea, Republic of"
KR,19625555,docdb,KR20000017796A,KR20000017796,KR.20000017796.A,20000017796,A,21,4,"Korea, Republic of"
KR,19596700,docdb,KR200179477Y1,KR200179477,KR.200179477.Y1,200179477,Y1,22,4,"Korea, Republic of"
KR,19592440,docdb,KR200174584Y1,KR200174584,KR.200174584.Y1,200174584,Y1,23,4,"Korea, Republic of"
KR,19583469,docdb,KR20000072882A,KR20000072882,KR.20000072882.A,20000072882,A,24,4,"Korea, Republic of"
KR,19575640,docdb,KR200164152Y1,KR200164152,KR.200164152.Y1,200164152,Y1,25,4,"Korea, Republic of"
KR,19580677,docdb,KR200164098Y1,KR200164098,KR.200164098.Y1,200164098,Y1,26,4,"Korea, Republic of"
KR,19550541,docdb,KR20000019656A,KR20000019656,KR.20000019656.A,20000019656,A,27,4,"Korea, Republic of"
KR,19549838,docdb,KR20000018970A,KR20000018970,KR.20000018970.A,20000018970,A,28,4,"Korea, Republic of"
KR,19545299,docdb,KR20000009635A,KR20000009635,KR.20000009635.A,20000009635,A,29,4,"Korea, Republic of"
KR,19537667,docdb,KR100275553B1,KR100275553,KR.100275553.B1,100275553,B1,30,4,"Korea, Republic of"
KR,19526748,docdb,KR100261046B1,KR100261046,KR.100261046.B1,100261046,B1,31,4,"Korea, Republic of"
KR,19520999,docdb,KR100236403B1,KR100236403,KR.100236403.B1,100236403,B1,32,4,"Korea, Republic of"
KR,19497103,docdb,KR200150155Y1,KR200150155,KR.200150155.Y1,200150155,Y1,33,4,"Korea, Republic of"
KR,19418880,docdb,KR0156723B1,KR0156723,KR.0156723.B1,0156723,B1,47,4,"Korea, Republic of"
KR,19418879,docdb,KR0156724B1,KR0156724,KR.0156724.B1,0156724,B1,48,4,"Korea, Republic of"
KR,19416935,docdb,KR0127572Y1,KR0127572,KR.0127572.Y1,0127572,Y1,49,4,"Korea, Republic of"
KR,19415589,docdb,KR0142446B1,KR0142446,KR.0142446.B1,0142446,B1,50,4,"Korea, Republic of"
KR,19415587,docdb,KR0142445B1,KR0142445,KR.0142445.B1,0142445,B1,51,4,"Korea, Republic of"
KR,19396419,docdb,KR0140152B1,KR0140152,KR.0140152.B1,0140152,B1,52,4,"Korea, Republic of"
KR,19368718,docdb,KR970003294B1,KR970003294,KR.970003294.B1,970003294,B1,53,4,"Korea, Republic of"
KR,19368717,docdb,KR960010971B1,KR960010971,KR.960010971.B1,960010971,B1,54,4,"Korea, Republic of"
KR,19317462,docdb,KR930010882B1,KR930010882,KR.930010882.B1,930010882,B1,55,4,"Korea, Republic of"
KR,15147899,docdb,KR930005282B1,KR930005282,KR.930005282.B1,930005282,B1,56,4,"Korea, Republic of"
KR,21810456,docdb,KR20000029544A,KR20000029544,KR.20000029544.A,20000029544,A,57,4,"Korea, Republic of"
KR,19419110,docdb,KR0117155Y1,KR0117155,KR.0117155.Y1,0117155,Y1,46,4,"Korea, Republic of"
MX,38988469,docdb,MX9600532A,MX9600532,MX.9600532.A,9600532,A,5,4,Mexico
MX,24252127,docdb,MX9605890A,MX9605890,MX.9605890.A,9605890,A,4,4,Mexico
MX,11385835,docdb,MX9707159A,MX9707159,MX.9707159.A,9707159,A,3,4,Mexico
NL,19767812,docdb,NL1010084C1,NL1010084,NL.1010084.C1,1010084,C1,1,4,Netherlands
NL,19765111,docdb,NL1006244C2,NL1006244,NL.1006244.C2,1006244,C2,2,4,Netherlands
NZ,22703434,docdb,NZ281109A,NZ281109,NZ.281109.A,281109,A,98,3,New Zealand
NZ,8204300,docdb,NZ238968A,NZ238968,NZ.238968.A,238968,A,99,3,New Zealand
PL,20075343,docdb,PL336245A1,PL336245,PL.336245.A1,336245,A1,91,3,Poland
PL,11346816,docdb,PL332830A1,PL332830,PL.332830.A1,332830,A1,92,3,Poland
PL,19942238,docdb,PL104546U1,PL104546,PL.104546.U1,104546,U1,97,3,Poland
PL,20050015,docdb,PL283481A1,PL283481,PL.283481.A1,283481,A1,96,3,Poland
PL,20055234,docdb,PL291114A1,PL291114,PL.291114.A1,291114,A1,95,3,Poland
PL,20062691,docdb,PL303911A1,PL303911,PL.303911.A1,303911,A1,93,3,Poland
PL,20057266,docdb,PL294100A1,PL294100,PL.294100.A1,294100,A1,94,3,Poland
RU,27086974,docdb,RU2095984C1,RU2095984,RU.2095984.C1,2095984,C1,90,3,Russian Federation
RU,20169383,docdb,RU2091026C1,RU2091026,RU.2091026.C1,2091026,C1,88,3,Russian Federation
RU,21609175,docdb,RU2082297C1,RU2082297,RU.2082297.C1,2082297,C1,85,3,Russian Federation
RU,20155976,docdb,RU2095987C1,RU2095987,RU.2095987.C1,2095987,C1,89,3,Russian Federation
SI,26138102,docdb,SI697815T1,SI697815,SI.697815.T1,697815,T1,86,3,Slovenia
TW,54638696,docdb,TW348397U,TW348397,TW.348397.U,348397,U,12,1,"Taiwan, Province of China"
US,27417106,docdb,US5256432A,US5256432,US.5256432.A,5256432,A,23,1,United States
US,24047898,docdb,US4995557A,US4995557,US.4995557.A,4995557,A,26,2,United States
US,24007032,docdb,US4993625A,US4993625,US.4993625.A,4993625,A,27,2,United States
US,25527178,docdb,US5920992A,US5920992,US.5920992.A,5920992,A,20,1,United States
US,23624285,docdb,US5894028A,US5894028,US.5894028.A,5894028,A,22,1,United States
US,24166276,docdb,US5069921A,US5069921,US.5069921.A,5069921,A,16,2,United States
US,24159983,docdb,US5711327A,US5711327,US.5711327.A,5711327,A,17,2,United States
US,24148276,docdb,US5586488A,US5586488,US.5586488.A,5586488,A,18,2,United States
US,23974635,docdb,US6126977A,US6126977,US.6126977.A,6126977,A,21,1,United States
US,24069862,docdb,US4993157A,US4993157,US.4993157.A,4993157,A,24,2,United States
US,4221677,docdb,US5149556A,US5149556,US.5149556.A,5149556,A,25,2,United States
US,25360103,docdb,US5169058A,US5169058,US.5169058.A,5169058,A,45,1,United States
US,25335401,docdb,US5205787A,US5205787,US.5205787.A,5205787,A,46,1,United States
US,24005437,docdb,US5775208A,US5775208,US.5775208.A,5775208,A,28,2,United States
US,26953442,docdb,US5716658A,US5716658,US.5716658.A,5716658,A,29,2,United States
US,23952442,docdb,US5516036A,US5516036,US.5516036.A,5516036,A,30,2,United States
US,23942827,docdb,US5033366A,US5033366,US.5033366.A,5033366,A,31,2,United States
US,10627754,docdb,US5348751A,US5348751,US.5348751.A,5348751,A,19,2,United States
US,27487740,docdb,US5595339A,US5595339,US.5595339.A,5595339,A,20,2,United States
US,24076694,docdb,US4979667A,US4979667,US.4979667.A,4979667,A,21,2,United States
US,24076393,docdb,US6156364A,US6156364,US.6156364.A,6156364,A,22,2,United States
US,24071092,docdb,US5509601A,US5509601,US.5509601.A,5509601,A,23,2,United States
US,25213864,docdb,US5305949A,US5305949,US.5305949.A,5305949,A,16,1,United States
US,25539546,docdb,US5263634A,US5263634,US.5263634.A,5263634,A,17,1,United States
US,27123229,docdb,US5272302A,US5272302,US.5272302.A,5272302,A,18,1,United States
US,25529018,docdb,US5277924A,US5277924,US.5277924.A,5277924,A,19,1,United States
US,25151061,docdb,US5328509A,US5328509,US.5328509.A,5328509,A,60,1,United States
US,25134994,docdb,US5119719A,US5119719,US.5119719.A,5119719,A,61,1,United States
US,25134280,docdb,US5716086A,US5716086,US.5716086.A,5716086,A,62,1,United States
US,25674783,docdb,US5180075A,US5180075,US.5180075.A,5180075,A,63,1,United States
US,46253760,docdb,US5918797A,US5918797,US.5918797.A,5918797,A,24,1,United States
US,27081474,docdb,US5234700A,US5234700,US.5234700.A,5234700,A,25,1,United States
US,9417392,docdb,US5364016A,US5364016,US.5364016.A,5364016,A,26,1,United States
US,27418158,docdb,US5260070A,US5260070,US.5260070.A,5260070,A,27,1,United States
US,25476982,docdb,US5328258A,US5328258,US.5328258.A,5328258,A,28,1,United States
US,25476980,docdb,US5197378A,US5197378,US.5197378.A,5197378,A,29,1,United States
US,4221677,docdb,US5207151A,US5207151,US.5207151.A,5207151,A,30,1,United States
US,25461959,docdb,US5209392A,US5209392,US.5209392.A,5209392,A,31,1,United States
US,25675408,docdb,US5273174A,US5273174,US.5273174.A,5273174,A,32,1,United States
US,11385835,docdb,US6048191A,US6048191,US.6048191.A,6048191,A,33,1,United States
US,25431815,docdb,US5895698A,US5895698,US.5895698.A,5895698,A,34,1,United States
US,24005437,docdb,US6010731A,US6010731,US.6010731.A,6010731,A,35,1,United States
US,25419038,docdb,US5211329A,US5211329,US.5211329.A,5211329,A,36,1,United States
US,25417110,docdb,US5865489A,US5865489,US.5865489.A,5865489,A,37,1,United States
US,21810456,docdb,US5921170A,US5921170,US.5921170.A,5921170,A,38,1,United States
US,25408106,docdb,US5865107A,US5865107,US.5865107.A,5865107,A,39,1,United States
US,16872484,docdb,US5405627A,US5405627,US.5405627.A,5405627,A,40,1,United States
US,25389339,docdb,US5270686A,US5270686,US.5270686.A,5270686,A,41,1,United States
US,25384479,docdb,US5173070A,US5173070,US.5173070.A,5173070,A,42,1,United States
US,25371374,docdb,US5334242A,US5334242,US.5334242.A,5334242,A,43,1,United States
US,25369629,docdb,US5962050A,US5962050,US.5962050.A,5962050,A,44,1,United States
US,23110958,docdb,US5752651A,US5752651,US.5752651.A,5752651,A,85,1,United States
US,24799750,docdb,US6113953A,US6113953,US.6113953.A,6113953,A,86,1,United States
US,25333322,docdb,US5234158A,US5234158,US.5234158.A,5234158,A,47,1,United States
US,25324691,docdb,US5924591A,US5924591,US.5924591.A,5924591,A,48,1,United States
US,21784659,docdb,US5968566A,US5968566,US.5968566.A,5968566,A,49,1,United States
US,25315638,docdb,US5351608A,US5351608,US.5351608.A,5351608,A,50,1,United States
US,25296776,docdb,US5175933A,US5175933,US.5175933.A,5175933,A,51,1,United States
US,27264204,docdb,US5239153A,US5239153,US.5239153.A,5239153,A,52,1,United States
US,25263273,docdb,US5234334A,US5234334,US.5234334.A,5234334,A,53,1,United States
US,25250941,docdb,US5190213A,US5190213,US.5190213.A,5190213,A,54,1,United States
US,27557720,docdb,US6001400A,US6001400,US.6001400.A,6001400,A,55,1,United States
US,25176560,docdb,US5794999A,US5794999,US.5794999.A,5794999,A,56,1,United States
US,25171951,docdb,US5759119A,US5759119,US.5759119.A,5759119,A,57,1,United States
US,25165302,docdb,US5997924A,US5997924,US.5997924.A,5997924,A,58,1,United States
US,10787901,docdb,US5895678A,US5895678,US.5895678.A,5895678,A,59,1,United States
US,24480512,docdb,US5117749A,US5117749,US.5117749.A,5117749,A,100,1,United States
US,27033251,docdb,US5076434A,US5076434,US.5076434.A,5076434,A,1,2,United States
US,24447349,docdb,US5074778A,US5074778,US.5074778.A,5074778,A,2,2,United States
US,24446820,docdb,US5678476A,US5678476,US.5678476.A,5678476,A,3,2,United States
US,24436928,docdb,US6033286A,US6033286,US.6033286.A,6033286,A,4,2,United States
US,24389696,docdb,US5076437A,US5076437,US.5076437.A,5076437,A,5,2,United States
US,26954982,docdb,US5043173A,US5043173,US.5043173.A,5043173,A,6,2,United States
US,24372317,docdb,US5640897A,US5640897,US.5640897.A,5640897,A,7,2,United States
US,24371009,docdb,US5200216A,US5200216,US.5200216.A,5200216,A,8,2,United States
US,23064310,docdb,US5806755A,US5806755,US.5806755.A,5806755,A,9,2,United States
US,26676864,docdb,US5720998A,US5720998,US.5720998.A,5720998,A,10,2,United States
US,23757758,docdb,US5215775A,US5215775,US.5215775.A,5215775,A,11,2,United States
US,24259750,docdb,US5077455A,US5077455,US.5077455.A,5077455,A,12,2,United States
US,24252127,docdb,US5747084A,US5747084,US.5747084.A,5747084,A,13,2,United States
US,24246528,docdb,US5014853A,US5014853,US.5014853.A,5014853,A,14,2,United States
US,24200766,docdb,US5004350A,US5004350,US.5004350.A,5004350,A,15,2,United States
US,23541286,docdb,US6026738A,US6026738,US.6026738.A,6026738,A,56,2,United States
US,23540373,docdb,US5567464A,US5567464,US.5567464.A,5567464,A,57,2,United States
US,23522805,docdb,US5598932A,US5598932,US.5598932.A,5598932,A,58,2,United States
US,26791815,docdb,US4966781A,US4966781,US.4966781.A,4966781,A,59,2,United States
US,27082319,docdb,US5522310A,US5522310,US.5522310.A,5522310,A,60,2,United States
US,23468055,docdb,US4959905A,US4959905,US.4959905.A,4959905,A,61,2,United States
US,23465338,docdb,US5526569A,US5526569,US.5526569.A,5526569,A,62,2,United States
US,23409574,docdb,US5109956A,US5109956,US.5109956.A,5109956,A,63,2,United States
US,22257536,docdb,US5887783A,US5887783,US.5887783.A,5887783,A,45,3,United States
US,4134826,docdb,US4915780A,US4915780,US.4915780.A,4915780,A,65,2,United States
US,25519242,docdb,US5492055A,US5492055,US.5492055.A,5492055,A,66,2,United States
US,23380645,docdb,US4924575A,US4924575,US.4924575.A,4924575,A,67,2,United States
US,23379214,docdb,US6068313A,US6068313,US.6068313.A,6068313,A,68,2,United States
US,23375011,docdb,US5002221A,US5002221,US.5002221.A,5002221,A,69,2,United States
US,23371195,docdb,US6041769A,US6041769,US.6041769.A,6041769,A,70,2,United States
US,23362526,docdb,US5121677A,US5121677,US.5121677.A,5121677,A,71,2,United States
US,27405221,docdb,US5009867A,US5009867,US.5009867.A,5009867,A,32,2,United States
US,27168908,docdb,US5109760A,US5109760,US.5109760.A,5109760,A,33,2,United States
US,23841231,docdb,US5535940A,US5535940,US.5535940.A,5535940,A,34,2,United States
US,23812852,docdb,US4955125A,US4955125,US.4955125.A,4955125,A,35,2,United States
US,26921134,docdb,US5032412A,US5032412,US.5032412.A,5032412,A,36,2,United States
US,23809317,docdb,US5074777A,US5074777,US.5074777.A,5074777,A,37,2,United States
US,23786695,docdb,US5128522A,US5128522,US.5128522.A,5128522,A,38,2,United States
US,22155141,docdb,US5508049A,US5508049,US.5508049.A,5508049,A,39,2,United States
US,21812239,docdb,US5551741A,US5551741,US.5551741.A,5551741,A,40,2,United States
US,23707534,docdb,US4936686A,US4936686,US.4936686.A,4936686,A,41,2,United States
US,26999367,docdb,US4944285A,US4944285,US.4944285.A,4944285,A,42,2,United States
US,26712723,docdb,USRE33508E,USRE33508,US.RE33508.E,RE33508,E,43,2,United States
US,23670096,docdb,US4960025A,US4960025,US.4960025.A,4960025,A,44,2,United States
US,23649319,docdb,US5526735A,US5526735,US.5526735.A,5526735,A,45,2,United States
US,23643593,docdb,US4984734A,US4984734,US.4984734.A,4984734,A,46,2,United States
US,23643058,docdb,US5480031A,US5480031,US.5480031.A,5480031,A,47,2,United States
US,26932708,docdb,US4940867A,US4940867,US.4940867.A,4940867,A,48,2,United States
US,23636424,docdb,US4944452A,US4944452,US.4944452.A,4944452,A,49,2,United States
US,23624285,docdb,US5681602A,US5681602,US.5681602.A,5681602,A,50,2,United States
US,23618319,docdb,US4944596A,US4944596,US.4944596.A,4944596,A,51,2,United States
US,23607430,docdb,US5680956A,US5680956,US.5680956.A,5680956,A,52,2,United States
US,23592770,docdb,US5514402A,US5514402,US.5514402.A,5514402,A,53,2,United States
US,22582067,docdb,US6148718A,US6148718,US.6148718.A,6148718,A,54,2,United States
US,23057234,docdb,US5605231A,US5605231,US.5605231.A,5605231,A,55,2,United States
US,24966334,docdb,US5725146A,US5725146,US.5725146.A,5725146,A,75,1,United States
US,24955501,docdb,US5244020A,US5244020,US.5244020.A,5244020,A,76,1,United States
US,27492029,docdb,US5833130A,US5833130,US.5833130.A,5833130,A,77,1,United States
US,24929890,docdb,US5170903A,US5170903,US.5170903.A,5170903,A,78,1,United States
US,27361127,docdb,US6156356A,US6156356,US.6156356.A,6156356,A,79,1,United States
US,8204300,docdb,US5165942A,US5165942,US.5165942.A,5165942,A,80,1,United States
US,9482337,docdb,US5780082A,US5780082,US.5780082.A,5780082,A,81,1,United States
US,24828135,docdb,US5866187A,US5866187,US.5866187.A,5866187,A,82,1,United States
US,23402870,docdb,US4896657A,US4896657,US.4896657.A,4896657,A,64,2,United States
US,24802887,docdb,US5200225A,US5200225,US.5200225.A,5200225,A,84,1,United States
US,11365142,docdb,US5472723A,US5472723,US.5472723.A,5472723,A,6,3,United States
US,22706196,docdb,US5921466A,US5921466,US.5921466.A,5921466,A,7,3,United States
US,24766582,docdb,US5103581A,US5103581,US.5103581.A,5103581,A,87,1,United States
US,24754233,docdb,US5110038A,US5110038,US.5110038.A,5110038,A,88,1,United States
US,24739092,docdb,US5102080A,US5102080,US.5102080.A,5102080,A,89,1,United States
US,23409574,docdb,US5279392A,US5279392,US.5279392.A,5279392,A,90,1,United States
US,4138480,docdb,US4954357A,US4954357,US.4954357.A,4954357,A,72,2,United States
US,23357121,docdb,US5476214A,US5476214,US.5476214.A,5476214,A,73,2,United States
US,23330643,docdb,US4960238A,US4960238,US.4960238.A,4960238,A,74,2,United States
US,23300134,docdb,US5469622A,US5469622,US.5469622.A,5469622,A,75,2,United States
US,22769143,docdb,US5469779A,US5469779,US.5469779.A,5469779,A,76,2,United States
US,25269279,docdb,US5484618A,US5484618,US.5484618.A,5484618,A,77,2,United States
US,23173235,docdb,US5504998A,US5504998,US.5504998.A,5504998,A,78,2,United States
US,27488339,docdb,US4997670A,US4997670,US.4997670.A,4997670,A,79,2,United States
US,27359492,docdb,US5586716A,US5586716,US.5586716.A,5586716,A,80,2,United States
US,23036010,docdb,US4968522A,US4968522,US.4968522.A,4968522,A,81,2,United States
US,23025409,docdb,US5503860A,US5503860,US.5503860.A,5503860,A,82,2,United States
US,26798172,docdb,US5441751A,US5441751,US.5441751.A,5441751,A,83,2,United States
US,26760368,docdb,US6121578A,US6121578,US.6121578.A,6121578,A,84,2,United States
US,27063319,docdb,US5154115A,US5154115,US.5154115.A,5154115,A,64,1,United States
US,25110390,docdb,US5800844A,US5800844,US.5800844.A,5800844,A,65,1,United States
US,25109360,docdb,US5165171A,US5165171,US.5165171.A,5165171,A,66,1,United States
US,8204657,docdb,US5144879A,US5144879,US.5144879.A,5144879,A,67,1,United States
US,25092602,docdb,US5788145A,US5788145,US.5788145.A,5788145,A,68,1,United States
US,25089792,docdb,US5872351A,US5872351,US.5872351.A,5872351,A,69,1,United States
US,25674801,docdb,US5176922A,US5176922,US.5176922.A,5176922,A,70,1,United States
US,25052910,docdb,US5112630A,US5112630,US.5112630.A,5112630,A,71,1,United States
US,25020604,docdb,US5247149A,US5247149,US.5247149.A,5247149,A,72,1,United States
US,25001780,docdb,US5243899A,US5243899,US.5243899.A,5243899,A,73,1,United States
US,24975453,docdb,US5880435A,US5880435,US.5880435.A,5880435,A,74,1,United States
US,26692721,docdb,US5971262A,US5971262,US.5971262.A,5971262,A,76,3,United States
US,21781571,docdb,US5253800A,US5253800,US.5253800.A,5253800,A,77,3,United States
US,21749656,docdb,US5260076A,US5260076,US.5260076.A,5260076,A,78,3,United States
US,46255352,docdb,US6054167A,US6054167,US.6054167.A,6054167,A,98,2,United States
US,22814165,docdb,US4891482A,US4891482,US.4891482.A,4891482,A,99,2,United States
US,21733253,docdb,US5375761A,US5375761,US.5375761.A,5375761,A,81,3,United States
US,25684174,docdb,US5315922A,US5315922,US.5315922.A,5315922,A,82,3,United States
US,21711572,docdb,US5845805A,US5845805,US.5845805.A,5845805,A,83,3,United States
US,24148314,docdb,US5112208A,US5112208,US.5112208.A,5112208,A,83,1,United States
US,46255279,docdb,US6065669A,US6065669,US.6065669.A,6065669,A,4,3,United States
US,24975453,docdb,US6060696A,US6060696,US.6060696.A,6060696,A,5,3,United States
US,3979189,docdb,US5129521A,US5129521,US.5129521.A,5129521,A,99,1,United States
US,22508801,docdb,US6109512A,US6109512,US.6109512.A,6109512,A,21,3,United States
US,22703434,docdb,US5503063A,US5503063,US.5503063.A,5503063,A,8,3,United States
US,10787901,docdb,US6051070A,US6051070,US.6051070.A,6051070,A,9,3,United States
US,22684732,docdb,US5417149A,US5417149,US.5417149.A,5417149,A,10,3,United States
US,27503399,docdb,US5206045A,US5206045,US.5206045.A,5206045,A,91,1,United States
US,24673203,docdb,US5253565A,US5253565,US.5253565.A,5253565,A,92,1,United States
US,24594140,docdb,US5686004A,US5686004,US.5686004.A,5686004,A,93,1,United States
US,24591387,docdb,US5071062A,US5071062,US.5071062.A,5071062,A,94,1,United States
US,24576332,docdb,US5171367A,US5171367,US.5171367.A,5171367,A,95,1,United States
US,24571352,docdb,US5098013A,US5098013,US.5098013.A,5098013,A,96,1,United States
US,26763041,docdb,US5789009A,US5789009,US.5789009.A,5789009,A,97,1,United States
US,24497951,docdb,US5804266A,US5804266,US.5804266.A,5804266,A,98,1,United States
US,21842952,docdb,US5903981A,US5903981,US.5903981.A,5903981,A,73,3,United States
US,24252127,docdb,US6083550A,US6083550,US.6083550.A,6083550,A,74,3,United States
US,26977873,docdb,US6016951A,US6016951,US.6016951.A,6016951,A,22,3,United States
US,27169157,docdb,US4906806A,US4906806,US.4906806.A,4906806,A,23,3,United States
US,22480701,docdb,US5202138A,US5202138,US.5202138.A,5202138,A,24,3,United States
US,22464111,docdb,US5482724A,US5482724,US.5482724.A,5482724,A,25,3,United States
US,25269279,docdb,US5380543A,US5380543,US.5380543.A,5380543,A,26,3,United States
US,22419814,docdb,US5472139A,US5472139,US.5472139.A,5472139,A,27,3,United States
US,21981940,docdb,US6054697A,US6054697,US.6054697.A,6054697,A,28,3,United States
US,27169156,docdb,US4923704A,US4923704,US.4923704.A,4923704,A,29,3,United States
US,22294434,docdb,US5445314A,US5445314,US.5445314.A,5445314,A,30,3,United States
US,22602259,docdb,US5454295A,US5454295,US.5454295.A,5454295,A,71,3,United States
US,26703871,docdb,US5402930A,US5402930,US.5402930.A,5402930,A,72,3,United States
US,22553351,docdb,US5458055A,US5458055,US.5458055.A,5458055,A,18,3,United States
US,22534502,docdb,US4922626A,US4922626,US.4922626.A,4922626,A,19,3,United States
US,26953442,docdb,US5919508A,US5919508,US.5919508.A,5919508,A,75,3,United States
US,21810456,docdb,US6086934A,US6086934,US.6086934.A,6086934,A,95,2,United States
US,22908976,docdb,US4938975A,US4938975,US.4938975.A,4938975,A,96,2,United States
US,22885439,docdb,US4890549A,US4890549,US.4890549.A,4890549,A,97,2,United States
US,22672754,docdb,US6004600A,US6004600,US.6004600.A,6004600,A,11,3,United States
US,25408106,docdb,US6048556A,US6048556,US.6048556.A,6048556,A,12,3,United States
US,27057022,docdb,US6018143A,US6018143,US.6018143.A,6018143,A,100,2,United States
US,26231509,docdb,US5365833A,US5365833,US.5365833.A,5365833,A,1,3,United States
US,22751178,docdb,US5382027A,US5382027,US.5382027.A,5382027,A,2,3,United States
US,26670019,docdb,US5881948A,US5881948,US.5881948.A,5881948,A,84,3,United States
US,22565728,docdb,US5523104A,US5523104,US.5523104.A,5523104,A,17,3,United States
US,22982908,docdb,US4924763A,US4924763,US.4924763.A,4924763,A,91,2,United States
US,22979023,docdb,US5585027A,US5585027,US.5585027.A,5585027,A,92,2,United States
US,25332667,docdb,US5423477A,US5423477,US.5423477.A,5423477,A,61,3,United States
US,22155141,docdb,US5417150A,US5417150,US.5417150.A,5417150,A,62,3,United States
US,22149916,docdb,US5950912A,US5950912,US.5950912.A,5950912,A,63,3,United States
US,22110334,docdb,US5346312A,US5346312,US.5346312.A,5346312,A,64,3,United States
US,22082549,docdb,US5542540A,US5542540,US.5542540.A,5542540,A,65,3,United States
US,22061316,docdb,US5385292A,US5385292,US.5385292.A,5385292,A,66,3,United States
US,22630355,docdb,US5464953A,US5464953,US.5464953.A,5464953,A,13,3,United States
US,22618015,docdb,US5428898A,US5428898,US.5428898.A,5428898,A,14,3,United States
US,4230085,docdb,US6067897A,US6067897,US.6067897.A,6067897,A,15,3,United States
US,22582067,docdb,US6004602A,US6004602,US.6004602.A,6004602,A,16,3,United States
US,22982919,docdb,US4919477A,US4919477,US.4919477.A,4919477,A,90,2,United States
US,27402979,docdb,US5961035A,US5961035,US.5961035.A,5961035,A,67,3,United States
US,4052865,docdb,US5381905A,US5381905,US.5381905.A,5381905,A,68,3,United States
US,11041247,docdb,US6139889A,US6139889,US.6139889.A,6139889,A,93,2,United States
US,12967623,docdb,US6091053A,US6091053,US.6091053.A,6091053,A,94,2,United States
US,22745759,docdb,US4904492A,US4904492,US.4904492.A,4904492,A,3,3,United States
US,23017390,docdb,US5476216A,US5476216,US.5476216.A,5476216,A,85,2,United States
US,22007816,docdb,US6010325A,US6010325,US.6010325.A,6010325,A,69,3,United States
US,21961684,docdb,US4971406A,US4971406,US.4971406.A,4971406,A,70,3,United States
US,22527899,docdb,US6077553A,US6077553,US.6077553.A,6077553,A,20,3,United States
US,25301904,docdb,US5445674A,US5445674,US.5445674.A,5445674,A,89,2,United States
US,21699459,docdb,US6070791A,US6070791,US.6070791.A,6070791,A,86,2,United States
US,23004643,docdb,US6150635A,US6150635,US.6150635.A,6150635,A,87,2,United States
US,22989899,docdb,US6092715A,US6092715,US.6092715.A,6092715,A,88,2,United States
WO,22703434,docdb,WO9520901A1,WO9520901,WO.9520901.A1,9520901,A1,49,3,Patent Cooperation Treaty
WO,21810456,docdb,WO9804137A1,WO9804137,WO.9804137.A1,9804137,A1,40,3,Patent Cooperation Treaty
WO,24702240,docdb,WO9800028A1,WO9800028,WO.9800028.A1,9800028,A1,41,3,Patent Cooperation Treaty
WO,23607430,docdb,WO9628978A1,WO9628978,WO.9628978.A1,9628978,A1,48,3,Patent Cooperation Treaty
WO,26703871,docdb,WO9319989A1,WO9319989,WO.9319989.A1,9319989,A1,52,3,Patent Cooperation Treaty
WO,25676330,docdb,WO9209493A1,WO9209493,WO.9209493.A1,9209493,A1,87,3,Patent Cooperation Treaty
WO,4163505,docdb,WO0066472A1,WO0066472,WO.0066472.A1,0066472,A1,12,9,Patent Cooperation Treaty
WO,21749656,docdb,WO9416569A1,WO9416569,WO.9416569.A1,9416569,A1,51,3,Patent Cooperation Treaty
WO,23974635,docdb,WO9701960A1,WO9701960,WO.9701960.A1,9701960,A1,47,3,Patent Cooperation Treaty
WO,10806989,docdb,WO9839220A1,WO9839220,WO.9839220.A1,9839220,A1,38,3,Patent Cooperation Treaty
WO,25089792,docdb,WO9828945A1,WO9828945,WO.9828945.A1,9828945,A1,39,3,Patent Cooperation Treaty
WO,22462610,docdb,WO0069752A2,WO0069752,WO.0069752.A2,0069752,A2,79,3,Patent Cooperation Treaty
WO,25242137,docdb,WO9846085A1,WO9846085,WO.9846085.A1,9846085,A1,37,3,Patent Cooperation Treaty
WO,11041837,docdb,WO0000035A1,WO0000035,WO.0000035.A1,0000035,A1,66,6,Patent Cooperation Treaty
WO,11041247,docdb,WO9809149A1,WO9809149,WO.9809149.A1,9809149,A1,67,6,Patent Cooperation Treaty
WO,26831775,docdb,WO0069316A1,WO0069316,WO.0069316.A1,0069316,A1,11,9,Patent Cooperation Treaty
WO,22155141,docdb,WO9500058A1,WO9500058,WO.9500058.A1,9500058,A1,50,3,Patent Cooperation Treaty
WO,10694992,docdb,WO9220234A1,WO9220234,WO.9220234.A1,9220234,A1,12,7,Patent Cooperation Treaty
WO,4013876,docdb,WO0058179A1,WO0058179,WO.0058179.A1,0058179,A1,27,9,Patent Cooperation Treaty
WO,25677229,docdb,WO9529619A1,WO9529619,WO.9529619.A1,9529619,A1,35,8,Patent Cooperation Treaty
WO,24794985,docdb,WO9219515A1,WO9219515,WO.9219515.A1,9219515,A1,36,8,Patent Cooperation Treaty
WO,16707646,docdb,WO0005967A1,WO0005967,WO.0005967.A1,0005967,A1,82,5,Patent Cooperation Treaty
WO,21797521,docdb,WO9748283A1,WO9748283,WO.9748283.A1,9748283,A1,42,3,Patent Cooperation Treaty
WO,21784659,docdb,WO9742826A1,WO9742826,WO.9742826.A1,9742826,A1,43,3,Patent Cooperation Treaty
WO,24497951,docdb,WO9735942A1,WO9735942,WO.9735942.A1,9735942,A1,44,3,Patent Cooperation Treaty
WO,26680668,docdb,WO9725870A1,WO9725870,WO.9725870.A1,9725870,A1,46,3,Patent Cooperation Treaty
WO,23375011,docdb,WO9216417A1,WO9216417,WO.9216417.A1,9216417,A1,58,3,Patent Cooperation Treaty
WO,24200766,docdb,WO9200674A1,WO9200674,WO.9200674.A1,9200674,A1,59,3,Patent Cooperation Treaty
WO,23362526,docdb,WO9013229A1,WO9013229,WO.9013229.A1,9013229,A1,60,3,Patent Cooperation Treaty
WO,21789353,docdb,WO9939993A1,WO9939993,WO.9939993.A1,9939993,A1,34,3,Patent Cooperation Treaty
WO,4008952,docdb,WO9955210A1,WO9955210,WO.9955210.A1,9955210,A1,26,9,Patent Cooperation Treaty
WO,21981940,docdb,WO9904638A2,WO9904638,WO.9904638.A2,9904638,A2,36,3,Patent Cooperation Treaty
WO,9543803,docdb,WO0057710A1,WO0057710,WO.0057710.A1,0057710,A1,39,7,Patent Cooperation Treaty
WO,27082271,docdb,WO9206895A1,WO9206895,WO.9206895.A1,9206895,A1,56,3,Patent Cooperation Treaty
WO,24591387,docdb,WO9212903A1,WO9212903,WO.9212903.A1,9212903,A1,53,3,Patent Cooperation Treaty
WO,27086974,docdb,WO9208358A1,WO9208358,WO.9208358.A1,9208358,A1,54,3,Patent Cooperation Treaty
WO,27082319,docdb,WO9206600A1,WO9206600,WO.9206600.A1,9206600,A1,55,3,Patent Cooperation Treaty
WO,22007816,docdb,WO9951101A1,WO9951101,WO.9951101.A1,9951101,A1,33,3,Patent Cooperation Treaty
WO,24383267,docdb,WO9207341A1,WO9207341,WO.9207341.A1,9207341,A1,57,3,Patent Cooperation Treaty
WO,22803549,docdb,WO0035291A1,WO0035291,WO.0035291.A1,0035291,A1,31,3,Patent Cooperation Treaty
WO,26752466,docdb,WO9956602A1,WO9956602,WO.9956602.A1,9956602,A1,32,3,Patent Cooperation Treaty
WO,26408932,docdb,WO9944429A1,WO9944429,WO.9944429.A1,9944429,A1,83,5,Patent Cooperation Treaty
WO,19767603,docdb,WO0007448A1,WO0007448,WO.0007448.A1,0007448,A1,100,3,Patent Cooperation Treaty
WO,21711572,docdb,WO9935059A1,WO9935059,WO.9935059.A1,9935059,A1,35,3,Patent Cooperation Treaty
WO,11390841,docdb,WO9615703A1,WO9615703,WO.9615703.A1,9615703,A1,1,8,Patent Cooperation Treaty
WO,20433955,docdb,WO9700040A1,WO9700040,WO.9700040.A1,9700040,A1,79,6,Patent Cooperation Treaty
WO,9522147,docdb,WO9937157A1,WO9937157,WO.9937157.A1,9937157,A1,17,7,Patent Cooperation Treaty
WO,11417365,docdb,WO0042857A1,WO0042857,WO.0042857.A1,0042857,A1,80,6,Patent Cooperation Treaty
WO,23120317,docdb,WO0060946A1,WO0060946,WO.0060946.A1,0060946,A1,80,3,Patent Cooperation Treaty
WO,25644371,docdb,WO9412397A1,WO9412397,WO.9412397.A1,9412397,A1,30,9,Patent Cooperation Treaty
WO,26233620,docdb,WO9857547A1,WO9857547,WO.9857547.A1,9857547,A1,21,7,Patent Cooperation Treaty
WO,8306857,docdb,WO0046766A1,WO0046766,WO.0046766.A1,0046766,A1,43,7,Patent Cooperation Treaty
WO,26320206,docdb,WO0000034A1,WO0000034,WO.0000034.A1,0000034,A1,65,6,Patent Cooperation Treaty
WO,11366242,docdb,WO9427446A1,WO9427446,WO.9427446.A1,9427446,A1,2,8,Patent Cooperation Treaty
WO,9523309,docdb,WO9941988A1,WO9941988,WO.9941988.A1,9941988,A1,16,7,Patent Cooperation Treaty
WO,11385835,docdb,WO9628979A1,WO9628979,WO.9628979.A1,9628979,A1,53,6,Patent Cooperation Treaty
WO,11246751,docdb,WO9112597A1,WO9112597,WO.9112597.A1,9112597,A1,3,8,Patent Cooperation Treaty
WO,11346816,docdb,WO9908537A1,WO9908537,WO.9908537.A1,9908537,A1,100,7,Patent Cooperation Treaty
WO,8305000,docdb,WO0011959A1,WO0011959,WO.0011959.A1,0011959,A1,42,7,Patent Cooperation Treaty
ZA,25583140,docdb,ZA9409139B,ZA9409139,ZA.9409139.B,9409139,B,15,1,South Africa
